Unnamed: 0,PRESENT_STORAGE_TMC
2010-01-01,
2010-01-02,
2010-01-03,
2010-01-04,
2010-01-05,
2010-01-06,
2010-01-07,
2010-01-08,
2010-01-09,
2010-01-10,
2010-01-11,
2010-01-12,
2010-01-13,
2010-01-14,
2010-01-15,
2010-01-16,
2010-01-17,
2010-01-18,
2010-01-19,
2010-01-20,
2010-01-21,
2010-01-22,
2010-01-23,
2010-01-24,
2010-01-25,
2010-01-26,
2010-01-27,
2010-01-28,
2010-01-29,
2010-01-30,
2010-01-31,
2010-02-01,
2010-02-02,
2010-02-03,
2010-02-04,
2010-02-05,
2010-02-06,
2010-02-07,
2010-02-08,
2010-02-09,
2010-02-10,
2010-02-11,
2010-02-12,
2010-02-13,
2010-02-14,
2010-02-15,
2010-02-16,
2010-02-17,
2010-02-18,
2010-02-19,
2010-02-20,
2010-02-21,
2010-02-22,
2010-02-23,
2010-02-24,
2010-02-25,
2010-02-26,
2010-02-27,
2010-02-28,
2010-03-01,
2010-03-02,
2010-03-03,
2010-03-04,
2010-03-05,
2010-03-06,
2010-03-07,
2010-03-08,
2010-03-09,
2010-03-10,
2010-03-11,
2010-03-12,
2010-03-13,
2010-03-14,
2010-03-15,
2010-03-16,
2010-03-17,
2010-03-18,
2010-03-19,
2010-03-20,
2010-03-21,
2010-03-22,
2010-03-23,
2010-03-24,
2010-03-25,
2010-03-26,
2010-03-27,
2010-03-28,
2010-03-29,
2010-03-30,
2010-03-31,
2010-04-01,
2010-04-02,
2010-04-03,
2010-04-04,
2010-04-05,
2010-04-06,
2010-04-07,
2010-04-08,
2010-04-09,
2010-04-10,
2010-04-11,
2010-04-12,
2010-04-13,
2010-04-14,
2010-04-15,
2010-04-16,
2010-04-17,
2010-04-18,
2010-04-19,
2010-04-20,
2010-04-21,
2010-04-22,
2010-04-23,
2010-04-24,
2010-04-25,
2010-04-26,
2010-04-27,
2010-04-28,
2010-04-29,
2010-04-30,
2010-05-01,
2010-05-02,
2010-05-03,
2010-05-04,
2010-05-05,
2010-05-06,
2010-05-07,
2010-05-08,
2010-05-09,
2010-05-10,
2010-05-11,
2010-05-12,
2010-05-13,
2010-05-14,
2010-05-15,
2010-05-16,
2010-05-17,
2010-05-18,
2010-05-19,
2010-05-20,
2010-05-21,
2010-05-22,
2010-05-23,
2010-05-24,
2010-05-25,
2010-05-26,
2010-05-27,
2010-05-28,
2010-05-29,
2010-05-30,
2010-05-31,
2010-06-01,
2010-06-02,
2010-06-03,
2010-06-04,
2010-06-05,
2010-06-06,
2010-06-07,
2010-06-08,
2010-06-09,
2010-06-10,
2010-06-11,
2010-06-12,
2010-06-13,
2010-06-14,
2010-06-15,
2010-06-16,
2010-06-17,
2010-06-18,
2010-06-19,
2010-06-20,
2010-06-21,
2010-06-22,
2010-06-23,
2010-06-24,
2010-06-25,
2010-06-26,
2010-06-27,
2010-06-28,
2010-06-29,
2010-06-30,
2010-07-01,
2010-07-02,
2010-07-03,
2010-07-04,
2010-07-05,
2010-07-06,
2010-07-07,
2010-07-08,
2010-07-09,
2010-07-10,
2010-07-11,
2010-07-12,
2010-07-13,
2010-07-14,
2010-07-15,
2010-07-16,
2010-07-17,
2010-07-18,
2010-07-19,
2010-07-20,
2010-07-21,
2010-07-22,
2010-07-23,
2010-07-24,
2010-07-25,
2010-07-26,
2010-07-27,
2010-07-28,
2010-07-29,
2010-07-30,
2010-07-31,
2010-08-01,
2010-08-02,
2010-08-03,
2010-08-04,
2010-08-05,
2010-08-06,
2010-08-07,
2010-08-08,
2010-08-09,
2010-08-10,
2010-08-11,
2010-08-12,
2010-08-13,
2010-08-14,
2010-08-15,
2010-08-16,
2010-08-17,
2010-08-18,
2010-08-19,
2010-08-20,
2010-08-21,
2010-08-22,
2010-08-23,
2010-08-24,
2010-08-25,
2010-08-26,
2010-08-27,
2010-08-28,
2010-08-29,
2010-08-30,
2010-08-31,
2010-09-01,
2010-09-02,
2010-09-03,
2010-09-04,
2010-09-05,
2010-09-06,
2010-09-07,
2010-09-08,
2010-09-09,
2010-09-10,
2010-09-11,
2010-09-12,
2010-09-13,
2010-09-14,
2010-09-15,
2010-09-16,
2010-09-17,
2010-09-18,
2010-09-19,
2010-09-20,
2010-09-21,
2010-09-22,
2010-09-23,
2010-09-24,
2010-09-25,
2010-09-26,
2010-09-27,
2010-09-28,
2010-09-29,
2010-09-30,
2010-10-01,
2010-10-02,
2010-10-03,
2010-10-04,
2010-10-05,
2010-10-06,
2010-10-07,
2010-10-08,
2010-10-09,
2010-10-10,
2010-10-11,
2010-10-12,
2010-10-13,
2010-10-14,
2010-10-15,
2010-10-16,
2010-10-17,
2010-10-18,
2010-10-19,
2010-10-20,
2010-10-21,
2010-10-22,
2010-10-23,
2010-10-24,
2010-10-25,
2010-10-26,
2010-10-27,
2010-10-28,
2010-10-29,
2010-10-30,
2010-10-31,
2010-11-01,
2010-11-02,
2010-11-03,
2010-11-04,
2010-11-05,
2010-11-06,
2010-11-07,
2010-11-08,
2010-11-09,
2010-11-10,
2010-11-11,
2010-11-12,
2010-11-13,
2010-11-14,
2010-11-15,
2010-11-16,
2010-11-17,
2010-11-18,
2010-11-19,
2010-11-20,
2010-11-21,
2010-11-22,
2010-11-23,
2010-11-24,
2010-11-25,
2010-11-26,
2010-11-27,
2010-11-28,
2010-11-29,
2010-11-30,
2010-12-01,
2010-12-02,
2010-12-03,
2010-12-04,
2010-12-05,
2010-12-06,
2010-12-07,
2010-12-08,
2010-12-09,
2010-12-10,
2010-12-11,
2010-12-12,
2010-12-13,
2010-12-14,
2010-12-15,
2010-12-16,
2010-12-17,
2010-12-18,
2010-12-19,
2010-12-20,
2010-12-21,
2010-12-22,
2010-12-23,
2010-12-24,
2010-12-25,
2010-12-26,
2010-12-27,
2010-12-28,
2010-12-29,
2010-12-30,
2010-12-31,
2011-01-01,3.74
2011-01-02,3.76
2011-01-03,3.77
2011-01-04,3.78
2011-01-05,3.79
2011-01-06,3.81
2011-01-07,3.82
2011-01-08,3.83
2011-01-09,3.84
2011-01-10,3.85
2011-01-11,3.86
2011-01-12,3.88
2011-01-13,3.88
2011-01-14,3.89
2011-01-15,3.89
2011-01-16,3.9
2011-01-17,3.91
2011-01-18,3.92
2011-01-19,3.93
2011-01-20,3.93
2011-01-21,3.94
2011-01-22,3.95
2011-01-23,3.95
2011-01-24,3.96
2011-01-25,3.97
2011-01-26,3.98
2011-01-27,3.98
2011-01-28,3.98
2011-01-29,3.99
2011-01-30,3.99
2011-01-31,4
2011-02-01,4
2011-02-02,4
2011-02-03,4.01
2011-02-04,4.01
2011-02-05,4.02
2011-02-06,4.02
2011-02-07,4.02
2011-02-08,4.03
2011-02-09,4.03
2011-02-10,4.03
2011-02-11,4.04
2011-02-12,4.04
2011-02-13,4.04
2011-02-14,4.04
2011-02-15,4.05
2011-02-16,4.05
2011-02-17,4.05
2011-02-18,4.05
2011-02-19,4.06
2011-02-20,4.06
2011-02-21,4.06
2011-02-22,4.07
2011-02-23,4.07
2011-02-24,4.07
2011-02-25,4.08
2011-02-26,4.1
2011-02-27,4.1
2011-02-28,4.1
2011-03-01,4.1
2011-03-02,4.11
2011-03-03,4.11
2011-03-04,4.11
2011-03-05,4.11
2011-03-06,4.11
2011-03-07,4.11
2011-03-08,4.11
2011-03-09,4.11
2011-03-10,4.11
2011-03-11,4.11
2011-03-12,4.11
2011-03-13,4.11
2011-03-14,4.11
2011-03-15,4.11
2011-03-16,4.11
2011-03-17,4.11
2011-03-18,4.1
2011-03-19,4.1
2011-03-20,4.09
2011-03-21,4.09
2011-03-22,4.09
2011-03-23,4.09
2011-03-24,4.09
2011-03-25,4.09
2011-03-26,4.08
2011-03-27,4.08
2011-03-28,4.08
2011-03-29,4.08
2011-03-30,4.08
2011-03-31,4.08
2011-04-01,4.08
2011-04-02,4.07
2011-04-03,4.05
2011-04-04,4.04
2011-04-05,4.02
2011-04-06,4
2011-04-07,3.98
2011-04-08,3.95
2011-04-09,3.92
2011-04-10,3.91
2011-04-11,3.88
2011-04-12,3.86
2011-04-13,3.83
2011-04-14,3.81
2011-04-15,3.79
2011-04-16,3.76
2011-04-17,3.74
2011-04-18,3.73
2011-04-19,3.73
2011-04-20,3.74
2011-04-21,3.74
2011-04-22,3.76
2011-04-23,3.77
2011-04-24,3.77
2011-04-25,3.79
2011-04-26,3.79
2011-04-27,3.79
2011-04-28,3.79
2011-04-29,3.79
2011-04-30,3.79
2011-05-01,3.8
2011-05-02,3.81
2011-05-03,3.81
2011-05-04,3.81
2011-05-05,3.81
2011-05-06,3.81
2011-05-07,3.81
2011-05-08,3.81
2011-05-09,3.81
2011-05-10,3.81
2011-05-11,3.81
2011-05-12,3.8
2011-05-13,3.8
2011-05-14,3.81
2011-05-15,3.81
2011-05-16,3.79
2011-05-17,3.78
2011-05-18,3.78
2011-05-19,3.78
2011-05-20,3.78
2011-05-21,3.78
2011-05-22,3.78
2011-05-23,3.78
2011-05-24,3.78
2011-05-25,3.78
2011-05-26,3.78
2011-05-27,3.79
2011-05-28,3.79
2011-05-29,3.79
2011-05-30,3.79
2011-05-31,3.795
2011-06-01,3.8
2011-06-02,3.79
2011-06-03,3.8
2011-06-04,3.81
2011-06-05,3.82
2011-06-06,3.84
2011-06-07,3.85
2011-06-08,3.87
2011-06-09,3.89
2011-06-10,3.91
2011-06-11,3.93
2011-06-12,3.95
2011-06-13,4
2011-06-14,4.05
2011-06-15,4.13
2011-06-16,4.18
2011-06-17,4.23
2011-06-18,4.35
2011-06-19,4.47
2011-06-20,4.53
2011-06-21,4.56
2011-06-22,4.6
2011-06-23,4.65
2011-06-24,4.77
2011-06-25,4.95
2011-06-26,5.39
2011-06-27,5.73
2011-06-28,6.32
2011-06-29,6.68
2011-06-30,6.93
2011-07-01,7.16
2011-07-02,7.4
2011-07-03,7.5
2011-07-04,7.47
2011-07-05,7.47
2011-07-06,7.5
2011-07-07,7.52
2011-07-08,7.49
2011-07-09,7.5
2011-07-10,7.5
2011-07-11,7.54
2011-07-12,7.54
2011-07-13,7.57
2011-07-14,7.55
2011-07-15,7.57
2011-07-16,7.52
2011-07-17,7.62
2011-07-18,7.42
2011-07-19,7.67
2011-07-20,7.56
2011-07-21,7.67
2011-07-22,7.65
2011-07-23,7.61
2011-07-24,7.7
2011-07-25,7.68
2011-07-26,7.5
2011-07-27,7.43
2011-07-28,7.69
2011-07-29,7.74
2011-07-30,7.67
2011-07-31,7.81
2011-08-01,7.57
2011-08-02,7.66
2011-08-03,7.88
2011-08-04,7.82
2011-08-05,7.88
2011-08-06,7.98
2011-08-07,7.62
2011-08-08,7.55
2011-08-09,7.33
2011-08-10,7.41
2011-08-11,7.67
2011-08-12,7.87
2011-08-13,8.02
2011-08-14,7.93
2011-08-15,7.78
2011-08-16,7.87
2011-08-17,7.97
2011-08-18,8.04
2011-08-19,8.1
2011-08-20,8.16
2011-08-21,8.24
2011-08-22,8.39
2011-08-23,8.45
2011-08-24,8.44
2011-08-25,8.44
2011-08-26,8.42
2011-08-27,8.44
2011-08-28,8.42
2011-08-29,8.41
2011-08-30,8.37
2011-08-31,8.44
2011-09-01,8.33
2011-09-02,8.12
2011-09-03,8.29
2011-09-04,8.12
2011-09-05,8.23
2011-09-06,8.23
2011-09-07,8.26
2011-09-08,8.26
2011-09-09,8.25
2011-09-10,8.31
2011-09-11,8.36
2011-09-12,8.34
2011-09-13,8.35
2011-09-14,8.36
2011-09-15,8.36
2011-09-16,8.34
2011-09-17,8.34
2011-09-18,8.33
2011-09-19,8.33
2011-09-20,8.33
2011-09-21,8.34
2011-09-22,8.33
2011-09-23,8.32
2011-09-24,8.28
2011-09-25,8.22
2011-09-26,8.14
2011-09-27,8.06
2011-09-28,7.97
2011-09-29,7.88
2011-09-30,7.77
2011-10-01,7.65
2011-10-02,7.53
2011-10-03,7.4
2011-10-04,7.27
2011-10-05,7.13
2011-10-06,6.99
2011-10-07,6.83
2011-10-08,6.72
2011-10-09,6.64
2011-10-10,6.55
2011-10-11,6.48
2011-10-12,6.41
2011-10-13,6.45
2011-10-14,6.46
2011-10-15,6.47
2011-10-16,6.48
2011-10-17,6.48
2011-10-18,6.45
2011-10-19,6.42
2011-10-20,6.34
2011-10-21,6.26
2011-10-22,6.19
2011-10-23,6.11
2011-10-24,6.1
2011-10-25,6.1
2011-10-26,6.12
2011-10-27,6.11
2011-10-28,6.07
2011-10-29,6.04
2011-10-30,6
2011-10-31,5.93
2011-11-01,5.85
2011-11-02,5.75
2011-11-03,5.77
2011-11-04,5.89
2011-11-05,5.98
2011-11-06,6.01
2011-11-07,6.05
2011-11-08,6.07
2011-11-09,6.02
2011-11-10,5.94
2011-11-11,5.85
2011-11-12,5.75
2011-11-13,5.64
2011-11-14,5.52
2011-11-15,5.39
2011-11-16,5.26
2011-11-17,5.13
2011-11-18,4.99
2011-11-19,4.86
2011-11-20,4.7
2011-11-21,4.56
2011-11-22,4.48
2011-11-23,4.41
2011-11-24,4.33
2011-11-25,4.24
2011-11-26,4.16
2011-11-27,4.08
2011-11-28,3.99
2011-11-29,3.84
2011-11-30,3.92
2011-12-01,3.77
2011-12-02,3.69
2011-12-03,3.61
2011-12-04,3.53
2011-12-05,3.43
2011-12-06,3.44
2011-12-07,3.4
2011-12-08,3.35
2011-12-09,3.3
2011-12-10,3.25
2011-12-11,3.2
2011-12-12,3.16
2011-12-13,3.11
2011-12-14,3.07
2011-12-15,3.01
2011-12-16,2.9
2011-12-17,2.79
2011-12-18,2.68
2011-12-19,2.59
2011-12-20,2.5
2011-12-21,2.4
2011-12-22,2.3
2011-12-23,2.2
2011-12-24,2.14
2011-12-25,2.09
2011-12-26,2.05
2011-12-27,2
2011-12-28,1.96
2011-12-29,1.91
2011-12-30,1.82
2011-12-31,1.72
2012-01-01,1.76
2012-01-02,1.76039735099338
2012-01-03,1.76079470198676
2012-01-04,1.76119205298013
2012-01-05,1.76158940397351
2012-01-06,1.76198675496689
2012-01-07,1.76238410596027
2012-01-08,1.76278145695364
2012-01-09,1.76317880794702
2012-01-10,1.7635761589404
2012-01-11,1.76397350993377
2012-01-12,1.76437086092715
2012-01-13,1.76476821192053
2012-01-14,1.76516556291391
2012-01-15,1.76556291390728
2012-01-16,1.76596026490066
2012-01-17,1.76635761589404
2012-01-18,1.76675496688742
2012-01-19,1.76715231788079
2012-01-20,1.76754966887417
2012-01-21,1.76794701986755
2012-01-22,1.76834437086093
2012-01-23,1.7687417218543
2012-01-24,1.76913907284768
2012-01-25,1.76953642384106
2012-01-26,1.76993377483444
2012-01-27,1.77033112582781
2012-01-28,1.77072847682119
2012-01-29,1.77112582781457
2012-01-30,1.77152317880795
2012-01-31,1.77192052980132
2012-02-01,1.7723178807947
2012-02-02,1.77271523178808
2012-02-03,1.77311258278146
2012-02-04,1.77350993377483
2012-02-05,1.77390728476821
2012-02-06,1.77430463576159
2012-02-07,1.77470198675497
2012-02-08,1.77509933774834
2012-02-09,1.77549668874172
2012-02-10,1.7758940397351
2012-02-11,1.77629139072848
2012-02-12,1.77668874172185
2012-02-13,1.77708609271523
2012-02-14,1.77748344370861
2012-02-15,1.77788079470199
2012-02-16,1.77827814569536
2012-02-17,1.77867549668874
2012-02-18,1.77907284768212
2012-02-19,1.7794701986755
2012-02-20,1.77986754966887
2012-02-21,1.78026490066225
2012-02-22,1.78066225165563
2012-02-23,1.78105960264901
2012-02-24,1.78145695364238
2012-02-25,1.78185430463576
2012-02-26,1.78225165562914
2012-02-27,1.78264900662252
2012-02-28,1.78304635761589
2012-02-29,1.78344370860927
2012-03-01,1.78384105960265
2012-03-02,1.78423841059603
2012-03-03,1.7846357615894
2012-03-04,1.78503311258278
2012-03-05,1.78543046357616
2012-03-06,1.78582781456954
2012-03-07,1.78622516556291
2012-03-08,1.78662251655629
2012-03-09,1.78701986754967
2012-03-10,1.78741721854305
2012-03-11,1.78781456953642
2012-03-12,1.7882119205298
2012-03-13,1.78860927152318
2012-03-14,1.78900662251656
2012-03-15,1.78940397350993
2012-03-16,1.78980132450331
2012-03-17,1.79019867549669
2012-03-18,1.79059602649007
2012-03-19,1.79099337748344
2012-03-20,1.79139072847682
2012-03-21,1.7917880794702
2012-03-22,1.79218543046358
2012-03-23,1.79258278145695
2012-03-24,1.79298013245033
2012-03-25,1.79337748344371
2012-03-26,1.79377483443709
2012-03-27,1.79417218543046
2012-03-28,1.79456953642384
2012-03-29,1.79496688741722
2012-03-30,1.7953642384106
2012-03-31,1.79576158940397
2012-04-01,1.79615894039735
2012-04-02,1.79655629139073
2012-04-03,1.79695364238411
2012-04-04,1.79735099337748
2012-04-05,1.79774834437086
2012-04-06,1.79814569536424
2012-04-07,1.79854304635762
2012-04-08,1.79894039735099
2012-04-09,1.79933774834437
2012-04-10,1.79973509933775
2012-04-11,1.80013245033113
2012-04-12,1.8005298013245
2012-04-13,1.80092715231788
2012-04-14,1.80132450331126
2012-04-15,1.80172185430464
2012-04-16,1.80211920529801
2012-04-17,1.80251655629139
2012-04-18,1.80291390728477
2012-04-19,1.80331125827815
2012-04-20,1.80370860927152
2012-04-21,1.8041059602649
2012-04-22,1.80450331125828
2012-04-23,1.80490066225166
2012-04-24,1.80529801324503
2012-04-25,1.80569536423841
2012-04-26,1.80609271523179
2012-04-27,1.80649006622517
2012-04-28,1.80688741721854
2012-04-29,1.80728476821192
2012-04-30,1.8076821192053
2012-05-01,1.80807947019868
2012-05-02,1.80847682119205
2012-05-03,1.80887417218543
2012-05-04,1.80927152317881
2012-05-05,1.80966887417219
2012-05-06,1.81006622516556
2012-05-07,1.81046357615894
2012-05-08,1.81086092715232
2012-05-09,1.8112582781457
2012-05-10,1.81165562913907
2012-05-11,1.81205298013245
2012-05-12,1.81245033112583
2012-05-13,1.81284768211921
2012-05-14,1.81324503311258
2012-05-15,1.81364238410596
2012-05-16,1.81403973509934
2012-05-17,1.81443708609272
2012-05-18,1.81483443708609
2012-05-19,1.81523178807947
2012-05-20,1.81562913907285
2012-05-21,1.81602649006623
2012-05-22,1.8164238410596
2012-05-23,1.81682119205298
2012-05-24,1.81721854304636
2012-05-25,1.81761589403974
2012-05-26,1.81801324503311
2012-05-27,1.81841059602649
2012-05-28,1.81880794701987
2012-05-29,1.81920529801325
2012-05-30,1.81960264900662
2012-05-31,1.82
2012-06-01,1.77
2012-06-02,1.73
2012-06-03,1.69
2012-06-04,1.64
2012-06-05,1.6
2012-06-06,1.56
2012-06-07,1.52
2012-06-08,1.52
2012-06-09,1.45
2012-06-10,1.43
2012-06-11,1.42
2012-06-12,1.41
2012-06-13,1.39
2012-06-14,1.37
2012-06-15,1.35
2012-06-16,1.35
2012-06-17,1.36
2012-06-18,1.36
2012-06-19,1.54
2012-06-20,1.66
2012-06-21,1.73
2012-06-22,1.78
2012-06-23,1.83
2012-06-24,1.87
2012-06-25,1.89
2012-06-26,1.91
2012-06-27,1.93
2012-06-28,1.95
2012-06-29,1.98
2012-06-30,2.03
2012-07-01,2.08
2012-07-02,2.14
2012-07-03,2.32
2012-07-04,2.43
2012-07-05,2.54
2012-07-06,2.62
2012-07-07,2.69
2012-07-08,2.73
2012-07-09,2.8
2012-07-10,2.86
2012-07-11,2.94
2012-07-12,3.01
2012-07-13,3.06
2012-07-14,3.09
2012-07-15,3.12
2012-07-16,3.17
2012-07-17,3.2
2012-07-18,3.27
2012-07-19,3.34
2012-07-20,3.39
2012-07-21,3.43
2012-07-22,3.49
2012-07-23,3.75
2012-07-24,3.98
2012-07-25,4.17
2012-07-26,4.37
2012-07-27,4.87
2012-07-28,5.62
2012-07-29,6.11
2012-07-30,6.45
2012-07-31,6.7
2012-08-01,6.9
2012-08-02,7.16
2012-08-03,7.35
2012-08-04,7.52
2012-08-05,7.71
2012-08-06,7.86
2012-08-07,7.78
2012-08-08,7.61
2012-08-09,7.83
2012-08-10,7.82
2012-08-11,7.65
2012-08-12,7.72
2012-08-13,7.7
2012-08-14,7.75
2012-08-15,7.8
2012-08-16,7.86
2012-08-17,7.89
2012-08-18,7.95
2012-08-19,8.03
2012-08-20,8.1
2012-08-21,8.09
2012-08-22,8.06
2012-08-23,7.99
2012-08-24,7.9
2012-08-25,7.8
2012-08-26,7.7
2012-08-27,7.7
2012-08-28,7.91
2012-08-29,8.03
2012-08-30,8.2
2012-08-31,8.11
2012-09-01,8.11
2012-09-02,8.11
2012-09-03,8.28
2012-09-04,8.3
2012-09-05,8.09
2012-09-06,8.05
2012-09-07,8.07
2012-09-08,8.08
2012-09-09,8.07
2012-09-10,8.04
2012-09-11,8.05
2012-09-12,8.01
2012-09-13,7.96
2012-09-14,7.88
2012-09-15,7.79
2012-09-16,7.69
2012-09-17,7.57375
2012-09-18,7.4575
2012-09-19,7.34125
2012-09-20,7.225
2012-09-21,7.10875
2012-09-22,6.9925
2012-09-23,6.87625
2012-09-24,6.76
2012-09-25,6.68
2012-09-26,6.58
2012-09-27,6.48
2012-09-28,6.38
2012-09-29,6.28
2012-09-30,6.18
2012-10-01,6.12
2012-10-02,6.04
2012-10-03,5.97
2012-10-04,5.87
2012-10-05,5.32
2012-10-06,5.14
2012-10-07,5.03
2012-10-08,4.99
2012-10-09,4.95
2012-10-10,4.88
2012-10-11,4.79
2012-10-12,4.66
2012-10-13,4.55
2012-10-14,4.49
2012-10-15,4.43
2012-10-16,4.39
2012-10-17,4.33
2012-10-18,4.28
2012-10-19,4.22
2012-10-20,4.16
2012-10-21,4.12
2012-10-22,4.14
2012-10-23,4.16
2012-10-24,4.18
2012-10-25,4.2
2012-10-26,4.22
2012-10-27,4.24
2012-10-28,4.26
2012-10-29,4.27
2012-10-30,4.24
2012-10-31,4.17
2012-11-01,4.09
2012-11-02,4.11
2012-11-03,4.1
2012-11-04,4.04
2012-11-05,4.07
2012-11-06,4.03
2012-11-07,3.97
2012-11-08,3.93
2012-11-09,3.87
2012-11-10,3.79
2012-11-11,3.71
2012-11-12,3.63
2012-11-13,3.56
2012-11-14,3.51
2012-11-15,3.48
2012-11-16,3.49
2012-11-17,3.47
2012-11-18,3.45
2012-11-19,3.43
2012-11-20,3.4
2012-11-21,3.35
2012-11-22,3.31
2012-11-23,3.26
2012-11-24,3.21
2012-11-25,3.16
2012-11-26,3.1
2012-11-27,3.05
2012-11-28,2.96
2012-11-29,2.95
2012-11-30,2.92
2012-12-01,2.9
2012-12-02,2.88
2012-12-03,2.86
2012-12-04,2.84
2012-12-05,2.83
2012-12-06,2.75
2012-12-07,2.65
2012-12-08,2.54
2012-12-09,2.42
2012-12-10,2.29
2012-12-11,2.16
2012-12-12,2.04
2012-12-13,1.94
2012-12-14,1.82
2012-12-15,1.73
2012-12-16,1.63
2012-12-17,1.51
2012-12-18,1.39
2012-12-19,1.3
2012-12-20,1.2
2012-12-21,1.12
2012-12-22,1.03
2012-12-23,0.95
2012-12-24,0.89
2012-12-25,0.81
2012-12-26,0.73
2012-12-27,0.67
2012-12-28,0.62
2012-12-29,0.58
2012-12-30,0.56
2012-12-31,0.54
2013-01-01,0.550454545454546
2013-01-02,0.560909090909091
2013-01-03,0.571363636363636
2013-01-04,0.581818181818182
2013-01-05,0.592272727272727
2013-01-06,0.602727272727273
2013-01-07,0.613181818181818
2013-01-08,0.623636363636364
2013-01-09,0.634090909090909
2013-01-10,0.644545454545455
2013-01-11,0.655
2013-01-12,0.665454545454546
2013-01-13,0.675909090909091
2013-01-14,0.686363636363636
2013-01-15,0.696818181818182
2013-01-16,0.707272727272727
2013-01-17,0.717727272727273
2013-01-18,0.728181818181818
2013-01-19,0.738636363636364
2013-01-20,0.749090909090909
2013-01-21,0.759545454545455
2013-01-22,0.77
2013-01-23,0.77
2013-01-24,0.78
2013-01-25,0.79
2013-01-26,0.79
2013-01-27,0.8
2013-01-28,0.8
2013-01-29,0.81
2013-01-30,0.82
2013-01-31,0.82
2013-02-01,0.83
2013-02-02,0.83
2013-02-03,0.84
2013-02-04,0.84
2013-02-05,0.85
2013-02-06,0.85
2013-02-07,0.85
2013-02-08,0.86
2013-02-09,0.86
2013-02-10,0.87
2013-02-11,0.88
2013-02-12,0.88425
2013-02-13,0.8885
2013-02-14,0.89275
2013-02-15,0.897
2013-02-16,0.90125
2013-02-17,0.9055
2013-02-18,0.90975
2013-02-19,0.914
2013-02-20,0.91825
2013-02-21,0.9225
2013-02-22,0.92675
2013-02-23,0.931
2013-02-24,0.93525
2013-02-25,0.9395
2013-02-26,0.94375
2013-02-27,0.948
2013-02-28,0.95225
2013-03-01,0.9565
2013-03-02,0.96075
2013-03-03,0.965
2013-03-04,0.96925
2013-03-05,0.9735
2013-03-06,0.97775
2013-03-07,0.982
2013-03-08,0.98625
2013-03-09,0.9905
2013-03-10,0.99475
2013-03-11,0.999
2013-03-12,1.00325
2013-03-13,1.0075
2013-03-14,1.01175
2013-03-15,1.016
2013-03-16,1.02025
2013-03-17,1.0245
2013-03-18,1.02875
2013-03-19,1.033
2013-03-20,1.03725
2013-03-21,1.0415
2013-03-22,1.04575
2013-03-23,1.05
2013-03-24,1.05425
2013-03-25,1.0585
2013-03-26,1.06275
2013-03-27,1.067
2013-03-28,1.07125
2013-03-29,1.0755
2013-03-30,1.07975
2013-03-31,1.084
2013-04-01,1.08825
2013-04-02,1.0925
2013-04-03,1.09675
2013-04-04,1.101
2013-04-05,1.10525
2013-04-06,1.1095
2013-04-07,1.11375
2013-04-08,1.118
2013-04-09,1.12225
2013-04-10,1.1265
2013-04-11,1.13075
2013-04-12,1.135
2013-04-13,1.13925
2013-04-14,1.1435
2013-04-15,1.14775
2013-04-16,1.152
2013-04-17,1.15625
2013-04-18,1.1605
2013-04-19,1.16475
2013-04-20,1.169
2013-04-21,1.17325
2013-04-22,1.1775
2013-04-23,1.18175
2013-04-24,1.186
2013-04-25,1.19025
2013-04-26,1.1945
2013-04-27,1.19875
2013-04-28,1.203
2013-04-29,1.20725
2013-04-30,1.2115
2013-05-01,1.21575
2013-05-02,1.22
2013-05-03,1.22425
2013-05-04,1.2285
2013-05-05,1.23275
2013-05-06,1.237
2013-05-07,1.24125
2013-05-08,1.2455
2013-05-09,1.24975
2013-05-10,1.254
2013-05-11,1.25825
2013-05-12,1.2625
2013-05-13,1.26675
2013-05-14,1.271
2013-05-15,1.27525
2013-05-16,1.2795
2013-05-17,1.28375
2013-05-18,1.288
2013-05-19,1.29225
2013-05-20,1.2965
2013-05-21,1.30075
2013-05-22,1.305
2013-05-23,1.30925
2013-05-24,1.3135
2013-05-25,1.31775
2013-05-26,1.322
2013-05-27,1.32625
2013-05-28,1.3305
2013-05-29,1.33475
2013-05-30,1.339
2013-05-31,1.34325
2013-06-01,1.3475
2013-06-02,1.35175
2013-06-03,1.356
2013-06-04,1.36025
2013-06-05,1.3645
2013-06-06,1.36875
2013-06-07,1.373
2013-06-08,1.37725
2013-06-09,1.3815
2013-06-10,1.38575
2013-06-11,1.39
2013-06-12,1.52
2013-06-13,1.62
2013-06-14,1.74
2013-06-15,1.35
2013-06-16,2.11
2013-06-17,2.43
2013-06-18,1.38
2013-06-19,2.98
2013-06-20,3.1
2013-06-21,3.17
2013-06-22,3.24
2013-06-23,3.32
2013-06-24,3.41
2013-06-25,3.83
2013-06-26,4.8
2013-06-27,5.77
2013-06-28,6.55
2013-06-29,7.1
2013-06-30,7.56
2013-07-01,7.87
2013-07-02,7.97
2013-07-03,7.7
2013-07-04,8
2013-07-05,7.45
2013-07-06,7.47
2013-07-07,7.16
2013-07-08,7.24
2013-07-09,7.51
2013-07-10,7.82
2013-07-11,7.78
2013-07-12,7.74
2013-07-13,7.87
2013-07-14,7.33
2013-07-15,7.37
2013-07-16,7.57
2013-07-17,7.71
2013-07-18,7.7
2013-07-19,7.96
2013-07-20,7.61
2013-07-21,7.87
2013-07-22,7.1
2013-07-23,6.92
2013-07-24,6.81
2013-07-25,7.11
2013-07-26,7.14
2013-07-27,7.15
2013-07-28,7.17
2013-07-29,7.54
2013-07-30,7.55
2013-07-31,7.06
2013-08-01,7.22
2013-08-02,7.95
2013-08-03,8.09
2013-08-04,8.04
2013-08-05,8.02
2013-08-06,7.61
2013-08-07,7.86
2013-08-08,8.01
2013-08-09,7.97
2013-08-10,7.93
2013-08-11,8.05
2013-08-12,8.12
2013-08-13,8.17
2013-08-14,8.2
2013-08-15,8.16
2013-08-16,8.19
2013-08-17,8.2
2013-08-18,8.16
2013-08-19,8.17
2013-08-20,8.19
2013-08-21,8.28
2013-08-22,8.27
2013-08-23,8.26
2013-08-24,8.19
2013-08-25,8.29
2013-08-26,8.23
2013-08-27,8.19
2013-08-28,8.2
2013-08-29,8.29
2013-08-30,8.33
2013-08-31,8.28
2013-09-01,8.24
2013-09-02,8.3
2013-09-03,8.3
2013-09-04,8.32
2013-09-05,8.34
2013-09-06,8.35
2013-09-07,8.35
2013-09-08,8.33
2013-09-09,8.42
2013-09-10,8.34
2013-09-11,8.38
2013-09-12,8.39
2013-09-13,8.38
2013-09-14,8.34
2013-09-15,8.35
2013-09-16,8.35
2013-09-17,8.38
2013-09-18,8.4
2013-09-19,8.35
2013-09-20,8.4
2013-09-21,8.2
2013-09-22,8.24
2013-09-23,8.24
2013-09-24,8.29
2013-09-25,8.39
2013-09-26,8.37
2013-09-27,8.3
2013-09-28,8.27
2013-09-29,8.23
2013-09-30,8.18
2013-10-01,8.15
2013-10-02,8.25
2013-10-03,8.26
2013-10-04,8.2
2013-10-05,8.4
2013-10-06,8.11
2013-10-07,8.08
2013-10-08,8.03
2013-10-09,7.99
2013-10-10,7.88
2013-10-11,7.79
2013-10-12,7.68
2013-10-13,7.57
2013-10-14,7.46
2013-10-15,7.34
2013-10-16,7.23
2013-10-17,7.12
2013-10-18,7.01
2013-10-19,6.89
2013-10-20,6.87
2013-10-21,6.83
2013-10-22,6.76
2013-10-23,6.69
2013-10-24,6.65
2013-10-25,6.56
2013-10-26,6.48
2013-10-27,6.385
2013-10-28,6.29
2013-10-29,6.19
2013-10-30,6.09
2013-10-31,5.98
2013-11-01,5.87
2013-11-02,5.76
2013-11-03,5.64
2013-11-04,5.51
2013-11-05,5.39
2013-11-06,5.27
2013-11-07,5.14
2013-11-08,5
2013-11-09,4.86
2013-11-10,4.72
2013-11-11,4.58
2013-11-12,4.51
2013-11-13,4.44
2013-11-14,4.37
2013-11-15,4.3
2013-11-16,4.22
2013-11-17,4.14
2013-11-18,4.06
2013-11-19,3.98
2013-11-20,3.9
2013-11-21,3.82
2013-11-22,3.73
2013-11-23,3.64
2013-11-24,3.56
2013-11-25,3.51
2013-11-26,3.47
2013-11-27,3.425
2013-11-28,3.38
2013-11-29,3.33
2013-11-30,3.29
2013-12-01,3.24
2013-12-02,3.22
2013-12-03,3.17
2013-12-04,3.12
2013-12-05,3.07
2013-12-06,3
2013-12-07,2.9
2013-12-08,2.81
2013-12-09,2.71
2013-12-10,2.6
2013-12-11,2.49
2013-12-12,2.38
2013-12-13,2.27
2013-12-14,2.18
2013-12-15,2.1
2013-12-16,2.02
2013-12-17,1.94
2013-12-18,1.86
2013-12-19,1.8
2013-12-20,1.73
2013-12-21,1.65
2013-12-22,1.6
2013-12-23,1.55
2013-12-24,1.5
2013-12-25,1.44
2013-12-26,1.4
2013-12-27,1.37
2013-12-28,1.33
2013-12-29,1.31
2013-12-30,1.28
2013-12-31,1.26
2014-01-01,1.26
2014-01-02,1.26
2014-01-03,1.3
2014-01-04,1.3
2014-01-05,1.31
2014-01-06,1.32
2014-01-07,1.33
2014-01-08,1.34
2014-01-09,1.35
2014-01-10,1.36
2014-01-11,1.37
2014-01-12,1.38
2014-01-13,1.39
2014-01-14,1.4
2014-01-15,1.41
2014-01-16,1.42
2014-01-17,1.43
2014-01-18,1.44
2014-01-19,1.45
2014-01-20,1.46
2014-01-21,1.47
2014-01-22,1.48
2014-01-23,1.49
2014-01-24,1.5
2014-01-25,1.51
2014-01-26,1.52
2014-01-27,1.53
2014-01-28,1.54
2014-01-29,1.55
2014-01-30,1.55
2014-01-31,1.56
2014-02-01,1.57
2014-02-02,1.58
2014-02-03,1.59
2014-02-04,1.59
2014-02-05,1.6
2014-02-06,1.61
2014-02-07,1.61
2014-02-08,1.62
2014-02-09,1.63
2014-02-10,1.63
2014-02-11,1.64
2014-02-12,1.64
2014-02-13,1.65
2014-02-14,1.65
2014-02-15,1.65
2014-02-16,1.66
2014-02-17,1.65
2014-02-18,1.67
2014-02-19,1.67
2014-02-20,1.68
2014-02-21,1.68
2014-02-22,1.69
2014-02-23,1.69
2014-02-24,1.7
2014-02-25,1.7
2014-02-26,1.7
2014-02-27,1.71
2014-02-28,1.71
2014-03-01,1.71
2014-03-02,1.72
2014-03-03,1.72
2014-03-04,1.72
2014-03-05,1.72
2014-03-06,1.73
2014-03-07,1.73
2014-03-08,1.73
2014-03-09,1.73
2014-03-10,1.74
2014-03-11,1.74
2014-03-12,1.74
2014-03-13,1.75
2014-03-14,1.75
2014-03-15,1.75
2014-03-16,1.75
2014-03-17,1.75
2014-03-18,1.75
2014-03-19,1.75
2014-03-20,1.75
2014-03-21,1.75
2014-03-22,1.76
2014-03-23,1.76
2014-03-24,1.76
2014-03-25,1.76
2014-03-26,1.76
2014-03-27,1.76
2014-03-28,1.76
2014-03-29,1.76
2014-03-30,1.76
2014-03-31,1.76
2014-04-01,1.76
2014-04-02,1.76
2014-04-03,1.76
2014-04-04,1.76
2014-04-05,1.76
2014-04-06,1.76
2014-04-07,1.76
2014-04-08,1.76
2014-04-09,1.76
2014-04-10,1.76
2014-04-11,1.76
2014-04-12,1.76
2014-04-13,1.76
2014-04-14,1.77
2014-04-15,1.77
2014-04-16,1.77
2014-04-17,1.77
2014-04-18,1.77
2014-04-19,1.78
2014-04-20,1.78
2014-04-21,1.78
2014-04-22,1.79
2014-04-23,1.79
2014-04-24,1.79
2014-04-25,1.79
2014-04-26,1.79
2014-04-27,1.79
2014-04-28,1.79
2014-04-29,1.79
2014-04-30,1.79
2014-05-01,1.79
2014-05-02,1.79
2014-05-03,1.8
2014-05-04,1.82
2014-05-05,1.84
2014-05-06,1.84
2014-05-07,1.84
2014-05-08,1.85
2014-05-09,1.89
2014-05-10,1.92
2014-05-11,1.93
2014-05-12,1.93
2014-05-13,1.94
2014-05-14,1.94
2014-05-15,1.945
2014-05-16,1.95
2014-05-17,1.95
2014-05-18,1.95
2014-05-19,1.95
2014-05-20,1.96
2014-05-21,1.96
2014-05-22,1.96
2014-05-23,1.96
2014-05-24,1.96
2014-05-25,1.96
2014-05-26,1.96
2014-05-27,1.96
2014-05-28,1.96
2014-05-29,1.97
2014-05-30,1.97
2014-05-31,1.97
2014-06-01,1.97
2014-06-02,1.97
2014-06-03,1.98
2014-06-04,1.98
2014-06-05,1.98
2014-06-06,1.99
2014-06-07,1.99
2014-06-08,1.99
2014-06-09,1.99
2014-06-10,1.99
2014-06-11,1.99
2014-06-12,2
2014-06-13,2
2014-06-14,2
2014-06-15,2.01
2014-06-16,2.02
2014-06-17,2.03
2014-06-18,2.04
2014-06-19,2.06
2014-06-20,2.13
2014-06-21,2.27
2014-06-22,2.47
2014-06-23,2.63
2014-06-24,2.72
2014-06-25,2.8
2014-06-26,2.85
2014-06-27,2.9
2014-06-28,2.93
2014-06-29,2.95
2014-06-30,2.99
2014-07-01,3.04
2014-07-02,3.06
2014-07-03,3.1
2014-07-04,3.12
2014-07-05,3.14
2014-07-06,3.16
2014-07-07,3.18
2014-07-08,3.2
2014-07-09,3.23
2014-07-10,3.27
2014-07-11,3.34
2014-07-12,3.43
2014-07-13,3.62
2014-07-14,4.34
2014-07-15,5.19
2014-07-16,6.09
2014-07-17,6.5
2014-07-18,7.17
2014-07-19,6.72
2014-07-20,7.2
2014-07-21,7.36
2014-07-22,7.72
2014-07-23,7.61
2014-07-24,7.77
2014-07-25,7.43
2014-07-26,7.27
2014-07-27,7.49
2014-07-28,7.61
2014-07-29,7.23
2014-07-30,7.62
2014-07-31,7.82
2014-08-01,8.06
2014-08-02,7.57
2014-08-03,7.35
2014-08-04,7.51
2014-08-05,7.65
2014-08-06,7.4
2014-08-07,7.63
2014-08-08,7.63
2014-08-09,7.08
2014-08-10,7.22
2014-08-11,7.64
2014-08-12,7.84
2014-08-13,7.84
2014-08-14,7.7
2014-08-15,7.57
2014-08-16,7.54
2014-08-17,7.61
2014-08-18,7.67
2014-08-19,7.71
2014-08-20,7.74
2014-08-21,7.71
2014-08-22,7.69
2014-08-23,7.66
2014-08-24,7.61
2014-08-25,7.55
2014-08-26,7.48
2014-08-27,7.39
2014-08-28,7.33
2014-08-29,7.37
2014-08-30,7.51
2014-08-31,8.08
2014-09-01,8.01
2014-09-02,8.07
2014-09-03,7.93
2014-09-04,7.93
2014-09-05,8.07
2014-09-06,8.1
2014-09-07,8.15
2014-09-08,8.11
2014-09-09,8.11
2014-09-10,8.14
2014-09-11,8.16
2014-09-12,8.21
2014-09-13,8.16
2014-09-14,8.23
2014-09-15,8.2
2014-09-16,8.19
2014-09-17,8.17
2014-09-18,8.16
2014-09-19,8.2
2014-09-20,8.22
2014-09-21,8.22
2014-09-22,8.22
2014-09-23,8.21
2014-09-24,8.18
2014-09-25,8.19
2014-09-26,8.17
2014-09-27,8.22
2014-09-28,8.22
2014-09-29,8.21
2014-09-30,8.19
2014-10-01,8.11
2014-10-02,8.26
2014-10-03,8.26
2014-10-04,8.17
2014-10-05,8.17
2014-10-06,8
2014-10-07,8.01
2014-10-08,7.83
2014-10-09,7.72
2014-10-10,7.62
2014-10-11,7.58
2014-10-12,7.62
2014-10-13,7.61
2014-10-14,7.55
2014-10-15,7.43
2014-10-16,7.29
2014-10-17,7.16
2014-10-18,7.02
2014-10-19,6.88
2014-10-20,6.77
2014-10-21,6.68
2014-10-22,6.57
2014-10-23,6.45
2014-10-24,6.33
2014-10-25,6.24
2014-10-26,6.16
2014-10-27,6.05
2014-10-28,6.68
2014-10-29,5.09
2014-10-30,4.97
2014-10-31,4.83
2014-11-01,4.69
2014-11-02,4.55
2014-11-03,4.43
2014-11-04,4.31
2014-11-05,4.96
2014-11-06,4.81
2014-11-07,4.68
2014-11-08,4.57
2014-11-09,4.51
2014-11-10,4.44
2014-11-11,4.38
2014-11-12,4.32
2014-11-13,4.25
2014-11-14,4.18
2014-11-15,4.12
2014-11-16,4.11
2014-11-17,4.04
2014-11-18,3.97
2014-11-19,3.88
2014-11-20,3.8
2014-11-21,3.71
2014-11-22,3.62
2014-11-23,3.53
2014-11-24,3.49
2014-11-25,3.44
2014-11-26,3.38
2014-11-27,3.3
2014-11-28,3.28
2014-11-29,3.22
2014-11-30,3.17
2014-12-01,3.11
2014-12-02,3.11
2014-12-03,2.96
2014-12-04,2.86
2014-12-05,2.75
2014-12-06,2.64
2014-12-07,2.52
2014-12-08,2.4
2014-12-09,2.28
2014-12-10,2.28
2014-12-11,2.09
2014-12-12,1.99
2014-12-13,1.89
2014-12-14,1.8
2014-12-15,1.7
2014-12-16,1.6
2014-12-17,1.55
2014-12-18,1.43
2014-12-19,1.38
2014-12-20,1.3
2014-12-21,1.23
2014-12-22,1.15
2014-12-23,1.08
2014-12-24,1.01
2014-12-25,0.94
2014-12-26,0.89
2014-12-27,0.85
2014-12-28,0.8
2014-12-29,0.76
2014-12-30,0.73
2014-12-31,0.73
2015-01-01,0.725
2015-01-02,0.72
2015-01-03,0.73
2015-01-04,0.75
2015-01-05,0.76
2015-01-06,0.77
2015-01-07,0.79
2015-01-08,0.79
2015-01-09,0.8
2015-01-10,0.81
2015-01-11,0.82
2015-01-12,0.83
2015-01-13,0.84
2015-01-14,0.85
2015-01-15,0.86
2015-01-16,0.86
2015-01-17,0.87
2015-01-18,0.88
2015-01-19,0.89
2015-01-20,0.89
2015-01-21,0.9
2015-01-22,0.91
2015-01-23,0.92
2015-01-24,0.92
2015-01-25,0.93
2015-01-26,0.93
2015-01-27,0.94
2015-01-28,0.95
2015-01-29,0.95
2015-01-30,0.96
2015-01-31,0.97
2015-02-01,0.97
2015-02-02,0.98
2015-02-03,0.99
2015-02-04,0.99
2015-02-05,1
2015-02-06,1
2015-02-07,1.01
2015-02-08,1.01
2015-02-09,1.02
2015-02-10,1.02
2015-02-11,1.03
2015-02-12,1.03
2015-02-13,1.04
2015-02-14,1.04
2015-02-15,1.04
2015-02-16,1.05
2015-02-17,1.05
2015-02-18,1.05
2015-02-19,1.05
2015-02-20,1.06
2015-02-21,1.06
2015-02-22,1.06
2015-02-23,1.07
2015-02-24,1.07
2015-02-25,1.07
2015-02-26,1.07
2015-02-27,1.07
2015-02-28,1.07
2015-03-01,1.08
2015-03-02,1.08
2015-03-03,1.08
2015-03-04,1.08
2015-03-05,1.08
2015-03-06,1.08
2015-03-07,1.08
2015-03-08,1.09
2015-03-09,1.09
2015-03-10,1.1
2015-03-11,1.1
2015-03-12,1.1
2015-03-13,1.11
2015-03-14,1.11
2015-03-15,1.11
2015-03-16,1.11
2015-03-17,1.12
2015-03-18,1.12
2015-03-19,1.12
2015-03-20,1.12
2015-03-21,1.12
2015-03-22,1.12
2015-03-23,1.12
2015-03-24,1.12
2015-03-25,1.12
2015-03-26,1.12
2015-03-27,1.12
2015-03-28,1.12
2015-03-29,1.12
2015-03-30,1.12
2015-03-31,1.12
2015-04-01,1.13
2015-04-02,1.13
2015-04-03,1.14
2015-04-04,1.14
2015-04-05,1.14
2015-04-06,1.14
2015-04-07,1.15
2015-04-08,1.15
2015-04-09,1.16
2015-04-10,1.16
2015-04-11,1.17
2015-04-12,1.17
2015-04-13,1.18
2015-04-14,1.19
2015-04-15,1.19
2015-04-16,1.2
2015-04-17,1.2
2015-04-18,1.2
2015-04-19,1.2
2015-04-20,1.2
2015-04-21,1.2
2015-04-22,1.21
2015-04-23,1.21
2015-04-24,1.22
2015-04-25,1.22
2015-04-26,1.23
2015-04-27,1.24
2015-04-28,1.24
2015-04-29,1.25
2015-04-30,1.25
2015-05-01,1.25
2015-05-02,1.26
2015-05-03,1.27
2015-05-04,1.27
2015-05-05,1.27
2015-05-06,1.28
2015-05-07,1.28
2015-05-08,1.29
2015-05-09,1.29
2015-05-10,1.3
2015-05-11,1.31
2015-05-12,1.31
2015-05-13,1.31
2015-05-14,1.32
2015-05-15,1.33
2015-05-16,1.35
2015-05-17,1.36
2015-05-18,1.38
2015-05-19,1.39
2015-05-20,1.41
2015-05-21,1.41
2015-05-22,1.42
2015-05-23,1.42
2015-05-24,1.42
2015-05-25,1.43
2015-05-26,1.43
2015-05-27,1.43
2015-05-28,1.43
2015-05-29,1.44
2015-05-30,1.44
2015-05-31,1.46
2015-06-01,1.47
2015-06-02,1.47
2015-06-03,1.48
2015-06-04,1.49
2015-06-05,1.5
2015-06-06,1.51
2015-06-07,1.52
2015-06-08,1.53
2015-06-09,1.53
2015-06-10,1.54
2015-06-11,1.55
2015-06-12,1.56
2015-06-13,1.56
2015-06-14,1.58
2015-06-15,1.6
2015-06-16,1.62
2015-06-17,1.63
2015-06-18,1.66
2015-06-19,1.7
2015-06-20,1.9
2015-06-21,2.11
2015-06-22,2.34
2015-06-23,2.56
2015-06-24,2.8
2015-06-25,3
2015-06-26,3.16
2015-06-27,3.49
2015-06-28,3.65
2015-06-29,3.76
2015-06-30,3.86
2015-07-01,3.94
2015-07-02,4
2015-07-03,4.06
2015-07-04,4.11
2015-07-05,4.17
2015-07-06,4.23
2015-07-07,4.28
2015-07-08,4.35
2015-07-09,4.45
2015-07-10,4.6
2015-07-11,5.05
2015-07-12,5.5
2015-07-13,5.84
2015-07-14,6.09
2015-07-15,6.28
2015-07-16,6.49
2015-07-17,6.72
2015-07-18,7.33
2015-07-19,7.83
2015-07-20,7.71
2015-07-21,7.54
2015-07-22,7.76
2015-07-23,7.77
2015-07-24,7.73
2015-07-25,7.78
2015-07-26,7.89
2015-07-27,7.95
2015-07-28,7.99
2015-07-29,7.9
2015-07-30,7.87
2015-07-31,7.87
2015-08-01,7.92
2015-08-02,7.94
2015-08-03,7.92
2015-08-04,7.95
2015-08-05,8.02
2015-08-06,8.02
2015-08-07,8.25
2015-08-08,8.5
2015-08-09,8.32
2015-08-10,8.17
2015-08-11,8.18
2015-08-12,8.31
2015-08-13,8.36
2015-08-14,8.13
2015-08-15,8.19
2015-08-16,8.22
2015-08-17,8.21
2015-08-18,8.13
2015-08-19,8.03
2015-08-20,7.96
2015-08-21,7.88
2015-08-22,7.76
2015-08-23,7.62
2015-08-24,7.45
2015-08-25,7.22
2015-08-26,7.1
2015-08-27,6.99
2015-08-28,6.93
2015-08-29,6.81
2015-08-30,6.77
2015-08-31,6.71
2015-09-01,6.67
2015-09-02,6.62
2015-09-03,6.56
2015-09-04,6.45
2015-09-05,6.35
2015-09-06,6.27
2015-09-07,6.23
2015-09-08,6.28
2015-09-09,6.29
2015-09-10,6.24
2015-09-11,6.17
2015-09-12,6.12
2015-09-13,6.05
2015-09-14,5.97
2015-09-15,5.87
2015-09-16,5.8
2015-09-17,5.74
2015-09-18,5.74
2015-09-19,5.6
2015-09-20,5.51
2015-09-21,5.35
2015-09-22,5.17
2015-09-23,4.98
2015-09-24,4.76
2015-09-25,4.56
2015-09-26,4.43
2015-09-27,4.28
2015-09-28,4.13
2015-09-29,4.03
2015-09-30,3.92
2015-10-01,3.83
2015-10-02,3.76
2015-10-03,3.73
2015-10-04,3.69
2015-10-05,3.66
2015-10-06,3.65
2015-10-07,3.65
2015-10-08,3.61
2015-10-09,3.55
2015-10-10,3.52
2015-10-11,3.5
2015-10-12,3.48
2015-10-13,3.47
2015-10-14,3.44
2015-10-15,3.4
2015-10-16,3.37
2015-10-17,3.33
2015-10-18,3.29
2015-10-19,3.25
2015-10-20,3.21
2015-10-21,3.17
2015-10-22,3.13
2015-10-23,3.09
2015-10-24,3.05
2015-10-25,2.98
2015-10-26,2.9
2015-10-27,2.8
2015-10-28,2.69
2015-10-29,2.59
2015-10-30,2.5
2015-10-31,2.4
2015-11-01,2.3
2015-11-02,2.22
2015-11-03,2.14
2015-11-04,2.07
2015-11-05,2.02
2015-11-06,1.97
2015-11-07,1.91
2015-11-08,1.84
2015-11-09,1.76
2015-11-10,1.69
2015-11-11,1.59
2015-11-12,1.53
2015-11-13,1.47
2015-11-14,1.4
2015-11-15,1.35
2015-11-16,1.3
2015-11-17,1.22
2015-11-18,1.15
2015-11-19,1.07
2015-11-20,1
2015-11-21,0.93
2015-11-22,0.89
2015-11-23,0.84
2015-11-24,0.8
2015-11-25,0.77
2015-11-26,0.76
2015-11-27,0.76
2015-11-28,0.75
2015-11-29,0.72
2015-11-30,0.69
2015-12-01,0.67
2015-12-02,0.66
2015-12-03,0.64
2015-12-04,0.63
2015-12-05,0.62
2015-12-06,0.61
2015-12-07,0.6
2015-12-08,0.59
2015-12-09,0.59
2015-12-10,0.57
2015-12-11,0.57
2015-12-12,0.58
2015-12-13,0.57
2015-12-14,0.57
2015-12-15,0.57
2015-12-16,0.57
2015-12-17,0.57
2015-12-18,0.56
2015-12-19,0.56
2015-12-20,0.56
2015-12-21,0.56
2015-12-22,0.57
2015-12-23,0.58
2015-12-24,0.59
2015-12-25,0.6
2015-12-26,0.62
2015-12-27,0.63
2015-12-28,0.64
2015-12-29,0.65
2015-12-30,0.66
2015-12-31,0.67
2016-01-01,0.68
2016-01-02,0.69
2016-01-03,0.7
2016-01-04,0.71
2016-01-05,0.71
2016-01-06,0.72
2016-01-07,0.73
2016-01-08,0.74
2016-01-09,0.75
2016-01-10,0.75
2016-01-11,0.76
2016-01-12,0.77
2016-01-13,0.77
2016-01-14,0.78
2016-01-15,0.79
2016-01-16,0.79
2016-01-17,0.8
2016-01-18,0.8
2016-01-19,0.81
2016-01-20,0.81
2016-01-21,0.82
2016-01-22,0.83
2016-01-23,0.83
2016-01-24,0.84
2016-01-25,0.85
2016-01-26,0.85
2016-01-27,0.86
2016-01-28,0.87
2016-01-29,0.87
2016-01-30,0.88
2016-01-31,0.88
2016-02-01,0.89
2016-02-02,0.89
2016-02-03,0.9
2016-02-04,0.9
2016-02-05,0.91
2016-02-06,0.91
2016-02-07,0.91
2016-02-08,0.92
2016-02-09,0.92
2016-02-10,0.93
2016-02-11,0.93
2016-02-12,0.93
2016-02-13,0.94
2016-02-14,0.94
2016-02-15,0.95
2016-02-16,0.95
2016-02-17,0.96
2016-02-18,0.96
2016-02-19,0.96
2016-02-20,0.97
2016-02-21,0.97
2016-02-22,0.97
2016-02-23,0.98
2016-02-24,0.98
2016-02-25,0.98
2016-02-26,0.99
2016-02-27,0.99
2016-02-28,0.99
2016-02-29,0.99
2016-03-01,0.99
2016-03-02,1
2016-03-03,1
2016-03-04,1
2016-03-05,1
2016-03-06,1
2016-03-07,1
2016-03-08,1
2016-03-09,1
2016-03-10,1
2016-03-11,1
2016-03-12,1
2016-03-13,1
2016-03-14,1
2016-03-15,1
2016-03-16,1
2016-03-17,1
2016-03-18,1
2016-03-19,1
2016-03-20,1
2016-03-21,1
2016-03-22,1
2016-03-23,1
2016-03-24,1
2016-03-25,1
2016-03-26,1
2016-03-27,1
2016-03-28,1
2016-03-29,1
2016-03-30,1
2016-03-31,1
2016-04-01,1
2016-04-02,1
2016-04-03,1
2016-04-04,1
2016-04-05,1
2016-04-06,1
2016-04-07,1
2016-04-08,1
2016-04-09,1
2016-04-10,1
2016-04-11,1
2016-04-12,1
2016-04-13,1
2016-04-14,1
2016-04-15,1
2016-04-16,1
2016-04-17,1
2016-04-18,1
2016-04-19,1
2016-04-20,1
2016-04-21,1
2016-04-22,1
2016-04-23,1
2016-04-24,1
2016-04-25,1
2016-04-26,1
2016-04-27,1
2016-04-28,1
2016-04-29,1
2016-04-30,1
2016-05-01,1
2016-05-02,1
2016-05-03,1
2016-05-04,1
2016-05-05,1
2016-05-06,1
2016-05-07,1
2016-05-08,1
2016-05-09,1
2016-05-10,1
2016-05-11,1
2016-05-12,1
2016-05-13,1.01
2016-05-14,1.01
2016-05-15,1.01
2016-05-16,1.01
2016-05-17,1.01
2016-05-18,1.01
2016-05-19,1.02
2016-05-20,1.02
2016-05-21,1.02
2016-05-22,1.02
2016-05-23,1.02
2016-05-24,1.02
2016-05-25,1.02
2016-05-26,1.02
2016-05-27,1.02
2016-05-28,1.02
2016-05-29,1.02
2016-05-30,1.03
2016-05-31,1.04
2016-06-01,1.05
2016-06-02,1.06
2016-06-03,1.07
2016-06-04,1.07
2016-06-05,1.07
2016-06-06,1.07
2016-06-07,1.08
2016-06-08,1.08
2016-06-09,1.1
2016-06-10,1.13
2016-06-11,1.15
2016-06-12,1.19
2016-06-13,1.21
2016-06-14,1.24
2016-06-15,1.27
2016-06-16,1.29
2016-06-17,1.3
2016-06-18,1.36
2016-06-19,1.43
2016-06-20,1.49
2016-06-21,1.54
2016-06-22,1.61
2016-06-23,1.68
2016-06-24,1.88
2016-06-25,2
2016-06-26,2.11
2016-06-27,2.24
2016-06-28,2.56
2016-06-29,3.06
2016-06-30,3.42
2016-07-01,3.82
2016-07-02,4.22
2016-07-03,4.41
2016-07-04,4.66
2016-07-05,5.25
2016-07-06,5.67
2016-07-07,6.06
2016-07-08,6.39
2016-07-09,6.68
2016-07-10,7.04
2016-07-11,7.92
2016-07-12,7.97
2016-07-13,8.07
2016-07-14,7.85
2016-07-15,7.93
2016-07-16,8.05
2016-07-17,8.11
2016-07-18,8.17
2016-07-19,8.13
2016-07-20,8.09
2016-07-21,8.16
2016-07-22,8.25
2016-07-23,8.16
2016-07-24,8.23
2016-07-25,8.24
2016-07-26,8.18
2016-07-27,8.14
2016-07-28,8.13
2016-07-29,8.13
2016-07-30,8.08
2016-07-31,8.06
2016-08-01,8.04
2016-08-02,8.03
2016-08-03,8.03
2016-08-04,8.1
2016-08-05,8.26
2016-08-06,8.08
2016-08-07,8.1
2016-08-08,8.16
2016-08-09,8.1
2016-08-10,7.91
2016-08-11,8.05
2016-08-12,8.08
2016-08-13,8.15
2016-08-14,8.07
2016-08-15,8.08
2016-08-16,8.21
2016-08-17,8.05
2016-08-18,7.88
2016-08-19,7.89
2016-08-20,7.91
2016-08-21,7.94
2016-08-22,7.85
2016-08-23,7.77
2016-08-24,7.85
2016-08-25,7.85
2016-08-26,7.78
2016-08-27,7.68
2016-08-28,7.58
2016-08-29,7.5
2016-08-30,7.4
2016-08-31,7.32
2016-09-01,7.24
2016-09-02,7.15
2016-09-03,6.99
2016-09-04,6.98
2016-09-05,6.77
2016-09-06,6.75
2016-09-07,6.7
2016-09-08,6.47
2016-09-09,6.23
2016-09-10,6
2016-09-11,5.76
2016-09-12,5.51
2016-09-13,5.21
2016-09-14,4.93
2016-09-15,4.67
2016-09-16,4.56
2016-09-17,4.5
2016-09-18,4.45
2016-09-19,4.38
2016-09-20,4.3
2016-09-21,4.3
2016-09-22,4.36
2016-09-23,4.43
2016-09-24,4.58
2016-09-25,5.13
2016-09-26,5.55
2016-09-27,5.94
2016-09-28,6.24
2016-09-29,6.48
2016-09-30,6.68
2016-10-01,6.87
2016-10-02,7.08
2016-10-03,7.27
2016-10-04,7.1
2016-10-05,6.44
2016-10-06,5.87
2016-10-07,5.49
2016-10-08,5.03
2016-10-09,4.56
2016-10-10,4.32
2016-10-11,4.25
2016-10-12,4.25
2016-10-13,4.29
2016-10-14,4.33
2016-10-15,4.38
2016-10-16,4.42
2016-10-17,4.46
2016-10-18,4.48
2016-10-19,4.51
2016-10-20,4.54
2016-10-21,4.56
2016-10-22,4.57
2016-10-23,4.58
2016-10-24,4.62
2016-10-25,4.47
2016-10-26,4.36
2016-10-27,4.24
2016-10-28,4.1
2016-10-29,3.88
2016-10-30,3.58
2016-10-31,3.42
2016-11-01,3.26
2016-11-02,3.14
2016-11-03,3.1
2016-11-04,3.11
2016-11-05,3.12
2016-11-06,3.13
2016-11-07,3.14
2016-11-08,3.15
2016-11-09,3.16
2016-11-10,3.16
2016-11-11,3.05
2016-11-12,2.78
2016-11-13,2.49
2016-11-14,2.21
2016-11-15,2.03
2016-11-16,2.04
2016-11-17,2.06
2016-11-18,2.07
2016-11-19,2.09
2016-11-20,2.1
2016-11-21,2.11
2016-11-22,2.13
2016-11-23,2.14
2016-11-24,2.16
2016-11-25,2.16
2016-11-26,2.17
2016-11-27,2.19
2016-11-28,2.2
2016-11-29,2.22
2016-11-30,2.23
2016-12-01,2.25
2016-12-02,2.26
2016-12-03,2.27
2016-12-04,2.29
2016-12-05,2.3
2016-12-06,2.32
2016-12-07,2.33
2016-12-08,2.34
2016-12-09,2.35
2016-12-10,2.36
2016-12-11,2.37
2016-12-12,2.38
2016-12-13,2.39
2016-12-14,2.42
2016-12-15,2.44
2016-12-16,2.46
2016-12-17,2.47
2016-12-18,2.48
2016-12-19,2.49
2016-12-20,2.5
2016-12-21,2.51
2016-12-22,2.52
2016-12-23,2.53
2016-12-24,2.53
2016-12-25,2.54
2016-12-26,2.54
2016-12-27,2.55
2016-12-28,2.56
2016-12-29,2.56
2016-12-30,2.57
2016-12-31,2.57
2017-01-01,2.58
2017-01-02,2.58
2017-01-03,2.59
2017-01-04,2.59
2017-01-05,2.59
2017-01-06,2.6
2017-01-07,2.6
2017-01-08,2.61
2017-01-09,2.61
2017-01-10,2.61
2017-01-11,2.62
2017-01-12,2.62
2017-01-13,2.62
2017-01-14,2.63
2017-01-15,2.63
2017-01-16,2.63
2017-01-17,2.63
2017-01-18,2.64
2017-01-19,2.64
2017-01-20,2.64
2017-01-21,2.64
2017-01-22,2.64
2017-01-23,2.64
2017-01-24,2.64
2017-01-25,2.64
2017-01-26,2.64
2017-01-27,2.65
2017-01-28,2.67
2017-01-29,2.69
2017-01-30,2.7
2017-01-31,2.7
2017-02-01,2.7
2017-02-02,2.71
2017-02-03,2.71
2017-02-04,2.71
2017-02-05,2.71
2017-02-06,2.71
2017-02-07,2.71
2017-02-08,2.71
2017-02-09,2.71
2017-02-10,2.71
2017-02-11,2.71
2017-02-12,2.71
2017-02-13,2.71
2017-02-14,2.71
2017-02-15,2.71
2017-02-16,2.71
2017-02-17,2.71
2017-02-18,2.71
2017-02-19,2.71
2017-02-20,2.7
2017-02-21,2.7
2017-02-22,2.7
2017-02-23,2.7
2017-02-24,2.62
2017-02-25,2.41
2017-02-26,2.05
2017-02-27,1.86
2017-02-28,1.75
2017-03-01,1.75
2017-03-02,1.75
2017-03-03,1.75
2017-03-04,1.74
2017-03-05,1.74
2017-03-06,1.74
2017-03-07,1.74
2017-03-08,1.74
2017-03-09,1.73
2017-03-10,1.73
2017-03-11,1.73
2017-03-12,1.72
2017-03-13,1.72
2017-03-14,1.72
2017-03-15,1.72
2017-03-16,1.72
2017-03-17,1.72
2017-03-18,1.71
2017-03-19,1.71
2017-03-20,1.71
2017-03-21,1.71
2017-03-22,1.7
2017-03-23,1.7
2017-03-24,1.7
2017-03-25,1.7
2017-03-26,1.67
2017-03-27,1.69
2017-03-28,1.69
2017-03-29,1.68
2017-03-30,1.68
2017-03-31,1.68
2017-04-01,1.67
2017-04-02,1.67
2017-04-03,1.67
2017-04-04,1.66
2017-04-05,1.66
2017-04-06,1.66
2017-04-07,1.66
2017-04-08,1.65
2017-04-09,1.66
2017-04-10,1.66
2017-04-11,1.65
2017-04-12,1.65
2017-04-13,1.65
2017-04-14,1.65
2017-04-15,1.65
2017-04-16,1.65
2017-04-17,1.64
2017-04-18,1.64
2017-04-19,1.64
2017-04-20,1.63
2017-04-21,1.63
2017-04-22,1.63
2017-04-23,1.63
2017-04-24,1.63
2017-04-25,1.62
2017-04-26,1.62
2017-04-27,1.62
2017-04-28,1.61
2017-04-29,1.61
2017-04-30,1.61
2017-05-01,1.6
2017-05-02,1.61
2017-05-03,1.62
2017-05-04,1.62
2017-05-05,1.62
2017-05-06,1.62
2017-05-07,1.62
2017-05-08,1.62
2017-05-09,1.62
2017-05-10,1.62
2017-05-11,1.62
2017-05-12,1.62
2017-05-13,1.62
2017-05-14,1.62
2017-05-15,1.62
2017-05-16,1.62
2017-05-17,1.62
2017-05-18,1.62
2017-05-19,1.63
2017-05-20,1.63
2017-05-21,1.64
2017-05-22,1.64
2017-05-23,1.64
2017-05-24,1.64
2017-05-25,1.64
2017-05-26,1.63
2017-05-27,1.64
2017-05-28,1.63
2017-05-29,1.63
2017-05-30,1.63
2017-05-31,1.64
2017-06-01,1.65
2017-06-02,1.65
2017-06-03,1.66
2017-06-04,1.66
2017-06-05,1.66
2017-06-06,1.67
2017-06-07,1.67
2017-06-08,1.68
2017-06-09,1.69
2017-06-10,1.69
2017-06-11,1.72
2017-06-12,1.84
2017-06-13,1.9
2017-06-14,1.96
2017-06-15,2.03
2017-06-16,2.13
2017-06-17,2.15
2017-06-18,2.15
2017-06-19,2.16
2017-06-20,2.17
2017-06-21,2.18
2017-06-22,2.21
2017-06-23,2.21
2017-06-24,2.28
2017-06-25,2.34
2017-06-26,2.42
2017-06-27,2.6
2017-06-28,2.73
2017-06-29,2.81
2017-06-30,2.87
2017-07-01,2.97
2017-07-02,3
2017-07-03,3
2017-07-04,3
2017-07-05,3
2017-07-06,3
2017-07-07,3
2017-07-08,3
2017-07-09,3.46
2017-07-10,3.49
2017-07-11,3.52
2017-07-12,3.54
2017-07-13,3.61
2017-07-14,3.72
2017-07-15,3.83
2017-07-16,3.95
2017-07-17,4.08
2017-07-18,4.19
2017-07-19,4.68
2017-07-20,5.86
2017-07-21,6.56
2017-07-22,7.15
2017-07-23,7.79
2017-07-24,8.04
2017-07-25,8.22
2017-07-26,8.26
2017-07-27,8.23
2017-07-28,8.23
2017-07-29,8.34
2017-07-30,8.3
2017-07-31,8.2
2017-08-01,8.22
2017-08-02,8.22
2017-08-03,8.17
2017-08-04,8.26
2017-08-05,8.3
2017-08-06,8.23
2017-08-07,8.35
2017-08-08,8.37
2017-08-09,8.26
2017-08-10,8.1
2017-08-11,7.9
2017-08-12,7.84
2017-08-13,7.71
2017-08-14,7.51
2017-08-15,7.3
2017-08-16,7.23
2017-08-17,7.18
2017-08-18,7.14
2017-08-19,7.22
2017-08-20,7.74
2017-08-21,8.2
2017-08-22,8.11
2017-08-23,7.94
2017-08-24,7.98
2017-08-25,8.15
2017-08-26,8.25
2017-08-27,8.31
2017-08-28,8.3
2017-08-29,8.22
2017-08-30,7.88
2017-08-31,8.08
2017-09-01,8.19
2017-09-02,8.16
2017-09-03,8.08
2017-09-04,7.98
2017-09-05,7.84
2017-09-06,7.89
2017-09-07,7.81
2017-09-08,7.86
2017-09-09,7.85
2017-09-10,7.88
2017-09-11,7.92
2017-09-12,7.92
2017-09-13,7.87
2017-09-14,7.84
2017-09-15,7.78
2017-09-16,7.7
2017-09-17,7.71
2017-09-18,7.89
2017-09-19,8.05
2017-09-20,8.33
2017-09-21,8.19
2017-09-22,8.18
2017-09-23,8.1
2017-09-24,8.2
2017-09-25,8.26
2017-09-26,8.17
2017-09-27,8.06
2017-09-28,8.07
2017-09-29,8
2017-09-30,7.91
2017-10-01,8.02
2017-10-02,8.15
2017-10-03,8.05
2017-10-04,8.06
2017-10-05,8.05
2017-10-06,8.04
2017-10-07,8.04
2017-10-08,8.01
2017-10-09,7.98
2017-10-10,8.03
2017-10-11,8.12
2017-10-12,8.21
2017-10-13,8.26
2017-10-14,8.21
2017-10-15,8.14
2017-10-16,8.09
2017-10-17,8.03
2017-10-18,8.03
2017-10-19,8.07
2017-10-20,8.07
2017-10-21,8.04
2017-10-22,8.05
2017-10-23,8.1
2017-10-24,8.09
2017-10-25,8
2017-10-26,7.77
2017-10-27,7.53
2017-10-28,7.26
2017-10-29,6.96
2017-10-30,6.73
2017-10-31,6.52
2017-11-01,6.32
2017-11-02,6.11
2017-11-03,5.9
2017-11-04,5.68
2017-11-05,5.45
2017-11-06,5.22
2017-11-07,4.99
2017-11-08,4.77
2017-11-09,4.57
2017-11-10,4.45
2017-11-11,4.32
2017-11-12,4.18
2017-11-13,4.03
2017-11-14,3.89
2017-11-15,3.74
2017-11-16,3.61
2017-11-17,3.52
2017-11-18,3.46
2017-11-19,3.4
2017-11-20,3.34
2017-11-21,3.3
2017-11-22,3.31
2017-11-23,3.32
2017-11-24,3.33
2017-11-25,3.33
2017-11-26,3.33
2017-11-27,3.32
2017-11-28,3.3
2017-11-29,3.25
2017-11-30,3.2
2017-12-01,3.15
2017-12-02,3.12
2017-12-03,3.05
2017-12-04,2.96
2017-12-05,2.88
2017-12-06,2.79
2017-12-07,2.75
2017-12-08,2.66
2017-12-09,2.61
2017-12-10,2.56
2017-12-11,2.52
2017-12-12,2.47
2017-12-13,2.43
2017-12-14,2.41
2017-12-15,2.42
2017-12-16,2.43
2017-12-17,2.45
2017-12-18,2.46
2017-12-19,2.47
2017-12-20,2.47
2017-12-21,2.48
2017-12-22,2.49
2017-12-23,2.5
2017-12-24,2.51
2017-12-25,2.52
2017-12-26,2.52
2017-12-27,2.53
2017-12-28,2.54
2017-12-29,2.54
2017-12-30,2.55
2017-12-31,2.56
2018-01-01,2.56
2018-01-02,2.57
2018-01-03,2.57
2018-01-04,2.58
2018-01-05,2.59
2018-01-06,2.59
2018-01-07,2.6
2018-01-08,2.6
2018-01-09,2.61
2018-01-10,2.61
2018-01-11,2.62
2018-01-12,2.62
2018-01-13,2.62
2018-01-14,2.63
2018-01-15,2.63
2018-01-16,2.63
2018-01-17,2.64
2018-01-18,2.64
2018-01-19,2.64
2018-01-20,2.65
2018-01-21,2.65
2018-01-22,2.65
2018-01-23,2.65
2018-01-24,2.66
2018-01-25,2.66
2018-01-26,2.66
2018-01-27,2.66
2018-01-28,2.67
2018-01-29,2.67
2018-01-30,2.67
2018-01-31,2.67
2018-02-01,2.67
2018-02-02,2.67
2018-02-03,2.68
2018-02-04,2.68
2018-02-05,2.68
2018-02-06,2.68
2018-02-07,2.68
2018-02-08,2.68
2018-02-09,2.68
2018-02-10,2.69
2018-02-11,2.69
2018-02-12,2.69
2018-02-13,2.67
2018-02-14,2.63
2018-02-15,2.58
2018-02-16,2.53
2018-02-17,2.47
2018-02-18,2.42
2018-02-19,2.32
2018-02-20,2.22
2018-02-21,2.19
2018-02-22,2.19
2018-02-23,2.19
2018-02-24,2.19
2018-02-25,2.19
2018-02-26,2.18
2018-02-27,2.18
2018-02-28,2.18
2018-03-01,2.18
2018-03-02,2.18
2018-03-03,2.17
2018-03-04,2.17
2018-03-05,2.17
2018-03-06,2.17
2018-03-07,2.17
2018-03-08,2.16
2018-03-09,2.16
2018-03-10,2.16
2018-03-11,2.16
2018-03-12,2.15
2018-03-13,2.15
2018-03-14,2.15
2018-03-15,2.16
2018-03-16,2.17
2018-03-17,2.18
2018-03-18,2.18
2018-03-19,2.18
2018-03-20,2.19
2018-03-21,2.2
2018-03-22,2.17
2018-03-23,2.12
2018-03-24,2.07
2018-03-25,2.02
2018-03-26,1.98
2018-03-27,1.93
2018-03-28,1.88
2018-03-29,1.83
2018-03-30,1.77
2018-03-31,1.72
2018-04-01,1.72
2018-04-02,1.72
2018-04-03,1.72
2018-04-04,1.73
2018-04-05,1.73
2018-04-06,1.73
2018-04-07,1.73
2018-04-08,1.73
2018-04-09,1.73
2018-04-10,1.73
2018-04-11,1.73
2018-04-12,1.73
2018-04-13,1.74
2018-04-14,1.75
2018-04-15,1.75
2018-04-16,1.75
2018-04-17,1.75
2018-04-18,1.76
2018-04-19,1.76
2018-04-20,1.76
2018-04-21,1.76
2018-04-22,1.77
2018-04-23,1.77
2018-04-24,1.77
2018-04-25,1.77
2018-04-26,1.77
2018-04-27,1.78
2018-04-28,1.78
2018-04-29,1.78
2018-04-30,1.78
2018-05-01,1.78
2018-05-02,1.78
2018-05-03,1.78
2018-05-04,1.78
2018-05-05,1.78
2018-05-06,1.78
2018-05-07,1.78
2018-05-08,1.78
2018-05-09,1.79
2018-05-10,1.81
2018-05-11,1.81
2018-05-12,1.83
2018-05-13,1.84
2018-05-14,1.85
2018-05-15,1.82
2018-05-16,1.74
2018-05-17,1.61
2018-05-18,1.61
2018-05-19,1.36
2018-05-20,1.16
2018-05-21,0.93
2018-05-22,0.75
2018-05-23,0.57
2018-05-24,0.48
2018-05-25,0.4
2018-05-26,0.34
2018-05-27,0.32
2018-05-28,0.34
2018-05-29,0.37
2018-05-30,0.45
2018-05-31,0.55
2018-06-01,0.58
2018-06-02,0.59
2018-06-03,0.61
2018-06-04,0.64
2018-06-05,0.67
2018-06-06,0.69
2018-06-07,0.71
2018-06-08,0.73
2018-06-09,0.88
2018-06-10,1.21
2018-06-11,1.62
2018-06-12,2.24
2018-06-13,2.68
2018-06-14,2.99
2018-06-15,3.19
2018-06-16,3.27
2018-06-17,3.33
2018-06-18,3.38
2018-06-19,3.42
2018-06-20,3.47
2018-06-21,3.52
2018-06-22,3.6
2018-06-23,3.7
2018-06-24,3.81
2018-06-25,3.91
2018-06-26,4.01
2018-06-27,4.16
2018-06-28,4.45
2018-06-29,4.92
2018-06-30,5.25
2018-07-01,5.48
2018-07-02,5.66
2018-07-03,5.82
2018-07-04,5.98
2018-07-05,6.13
2018-07-06,6.25
2018-07-07,6.47
2018-07-08,7.73
2018-07-09,8
2018-07-10,8
2018-07-11,8
2018-07-12,8
2018-07-13,8
2018-07-14,8
2018-07-15,8
2018-07-16,7.69
2018-07-17,7.53
2018-07-18,7.62
2018-07-19,8.09
2018-07-20,7.65
2018-07-21,7.83
2018-07-22,7.96
2018-07-23,7.7
2018-07-24,7.66
2018-07-25,7.94
2018-07-26,7.55
2018-07-27,7.59
2018-07-28,7.53
2018-07-29,7.71
2018-07-30,7.87
2018-07-31,7.98
2018-08-01,8.11
2018-08-02,7.92
2018-08-03,7.78
2018-08-04,7.91
2018-08-05,8.06
2018-08-06,8.12
2018-08-07,8.19
2018-08-08,8.12
2018-08-09,8.31
2018-08-10,7.37
2018-08-11,7.78
2018-08-12,7.5
2018-08-13,7.86
2018-08-14,7.79
2018-08-15,7.67
2018-08-16,7.7
2018-08-17,7.1
2018-08-18,6.61
2018-08-19,6.3
2018-08-20,6.17
2018-08-21,6.68
2018-08-22,7.74
2018-08-23,7.6
2018-08-24,8.02
2018-08-25,7.22
2018-08-26,7.11
2018-08-27,7.3
2018-08-28,7.47
2018-08-29,7.61
2018-08-30,7.61
2018-08-31,7.37
2018-09-01,7.2
2018-09-02,7.22
2018-09-03,7.28
2018-09-04,7.2
2018-09-05,7.13
2018-09-06,7.2
2018-09-07,7.3
2018-09-08,7.37
2018-09-09,7.43
2018-09-10,7.69
2018-09-11,7.63
2018-09-12,7.65
2018-09-13,7.61
2018-09-14,7.54
2018-09-15,7.47
2018-09-16,7.47
2018-09-17,7.34
2018-09-18,7.27
2018-09-19,7.2
2018-09-20,7.12
2018-09-21,7.07
2018-09-22,6.97
2018-09-23,6.87
2018-09-24,6.77
2018-09-25,6.72
2018-09-26,6.7
2018-09-27,6.75
2018-09-28,6.82
2018-09-29,6.82
2018-09-30,6.96
2018-10-01,6.99
2018-10-02,6.97
2018-10-03,6.91
2018-10-04,6.84
2018-10-05,6.79
2018-10-06,6.76
2018-10-07,6.73
2018-10-08,6.7
2018-10-09,6.7
2018-10-10,6.72
2018-10-11,6.71
2018-10-12,6.68
2018-10-13,6.63
2018-10-14,6.61
2018-10-15,6.53
2018-10-16,6.45
2018-10-17,6.37
2018-10-18,6.31
2018-10-19,6.23
2018-10-20,6.17
2018-10-21,6.09
2018-10-22,5.99
2018-10-23,5.89
2018-10-24,5.8
2018-10-25,5.7
2018-10-26,5.61
2018-10-27,5.5
2018-10-28,5.4
2018-10-29,5.28
2018-10-30,5.15
2018-10-31,5.01
2018-11-01,4.85
2018-11-02,4.76
2018-11-03,4.62
2018-11-04,4.53
2018-11-05,4.47
2018-11-06,4.41
2018-11-07,4.33
2018-11-08,4.26
2018-11-09,4.18
2018-11-10,4.11
2018-11-11,4.04
2018-11-12,3.96
2018-11-13,3.87
2018-11-14,3.78
2018-11-15,3.69
2018-11-16,3.69
2018-11-17,3.52
2018-11-18,3.48
2018-11-19,3.43
2018-11-20,3.38
2018-11-21,3.33
2018-11-22,3.28
2018-11-23,3.23
2018-11-24,3.18
2018-11-25,3.13
2018-11-26,3.08
2018-11-27,3.02
2018-11-28,2.93
2018-11-29,2.83
2018-11-30,2.74
2018-12-01,2.65
2018-12-02,2.56
2018-12-03,2
2018-12-04,2
2018-12-05,2
2018-12-06,2
2018-12-07,2
2018-12-08,2
2018-12-09,2
2018-12-10,1.86
2018-12-11,1.79
2018-12-12,1.73
2018-12-13,1.67
2018-12-14,1.64
2018-12-15,1.58
2018-12-16,1.55
2018-12-17,1.51
2018-12-18,1.47
2018-12-19,1.47
2018-12-20,1.48
2018-12-21,1.5
2018-12-22,1.51
2018-12-23,1.53
2018-12-24,1.54
2018-12-25,1.56
2018-12-26,1.57
2018-12-27,1.59
2018-12-28,1.6
2018-12-29,1.61
2018-12-30,1.62
2018-12-31,1.64
2019-01-01,1.65
2019-01-02,1.66
2019-01-03,1.67
2019-01-04,1.68
2019-01-05,1.69
2019-01-06,1.7
2019-01-07,1.7
2019-01-08,1.71
2019-01-09,1.72
2019-01-10,1.73
2019-01-11,1.74
2019-01-12,1.74
2019-01-13,1.75
2019-01-14,1.76
2019-01-15,1.77
2019-01-16,1.77
2019-01-17,1.78
2019-01-18,1.79
2019-01-19,1.79
2019-01-20,1.8
2019-01-21,1.8
2019-01-22,1.81
2019-01-23,1.81
2019-01-24,1.82
2019-01-25,1.82
2019-01-26,1.83
2019-01-27,1.83
2019-01-28,1.84
2019-01-29,1.85
2019-01-30,1.85
2019-01-31,1.86
2019-02-01,2.67
2019-02-02,2.67
2019-02-03,2.68
2019-02-04,2.68
2019-02-05,2.68
2019-02-06,2.68
2019-02-07,2.68
2019-02-08,2.68
2019-02-09,2.68
2019-02-10,2.69
2019-02-11,2.69
2019-02-12,2.69
2019-02-13,2.67
2019-02-14,2.63
2019-02-15,2.58
2019-02-16,2.53
2019-02-17,2.47
2019-02-18,2.42
2019-02-19,2.32
2019-02-20,2.22
2019-02-21,2.19
2019-02-22,2.19
2019-02-23,2.19
2019-02-24,2.19
2019-02-25,2.19
2019-02-26,2.18
2019-02-27,2.18
2019-02-28,2.18
2019-03-01,1.92
2019-03-02,1.92
2019-03-03,1.92
2019-03-04,1.92
2019-03-05,1.92
2019-03-06,1.92
2019-03-07,1.92
2019-03-08,1.92
2019-03-09,1.92
2019-03-10,1.91
2019-03-11,1.92
2019-03-12,1.91
2019-03-13,1.91
2019-03-14,1.91
2019-03-15,1.9
2019-03-16,1.89
2019-03-17,1.87
2019-03-18,1.86
2019-03-19,1.84
2019-03-20,1.82
2019-03-21,1.81
2019-03-22,1.8
2019-03-23,1.78
2019-03-24,1.77
2019-03-25,1.75
2019-03-26,1.73
2019-03-27,1.71
2019-03-28,1.71
2019-03-29,1.67
2019-03-30,1.65
2019-03-31,1.63
2019-04-01,1.61
2019-04-02,1.59
2019-04-03,1.57
2019-04-04,1.55
2019-04-05,1.54
2019-04-06,1.52
2019-04-07,1.5
2019-04-08,1.49
2019-04-09,1.48
2019-04-10,1.46
2019-04-11,1.47
2019-04-12,1.48
2019-04-13,1.48
2019-04-14,1.49
2019-04-15,1.48
2019-04-16,1.48
2019-04-17,1.48
2019-04-18,1.49
2019-04-19,1.49
2019-04-20,1.5
2019-04-21,1.5
2019-04-22,1.51
2019-04-23,1.51
2019-04-24,1.51
2019-04-25,1.51
2019-04-26,1.51
2019-04-27,1.51
2019-04-28,1.51
2019-04-29,1.51
2019-04-30,1.52
2019-05-01,1.52
2019-05-02,1.52
2019-05-03,1.52
2019-05-04,1.52
2019-05-05,1.52
2019-05-06,1.52
2019-05-07,1.52
2019-05-08,1.52
2019-05-09,1.53
2019-05-10,1.54
2019-05-11,1.54
2019-05-12,1.54
2019-05-13,1.54
2019-05-14,1.54
2019-05-15,1.54
2019-05-16,1.54
2019-05-17,1.54
2019-05-18,1.55
2019-05-19,1.55
2019-05-20,1.55
2019-05-21,1.55
2019-05-22,1.55
2019-05-23,1.56
2019-05-24,1.56
2019-05-25,1.56
2019-05-26,1.56
2019-05-27,1.56
2019-05-28,1.56
2019-05-29,1.56
2019-05-30,1.56
2019-05-31,1.56
2019-06-01,1.56
2019-06-02,1.55
2019-06-03,1.55
2019-06-04,1.55
2019-06-05,1.54
2019-06-06,1.53
2019-06-07,1.53
2019-06-08,1.52
2019-06-09,1.51
2019-06-10,1.5
2019-06-11,1.5
2019-06-12,1.51
2019-06-13,1.51
2019-06-14,1.52
2019-06-15,1.54
2019-06-16,1.54
2019-06-17,1.55
2019-06-18,1.55
2019-06-19,1.56
2019-06-20,1.56
2019-06-21,1.58
2019-06-22,1.6
2019-06-23,1.61
2019-06-24,1.62
2019-06-25,1.64
2019-06-26,1.65
2019-06-27,1.67
2019-06-28,1.68
2019-06-29,1.69
2019-06-30,1.7
2019-07-01,1.72
2019-07-02,1.75
2019-07-03,1.78
2019-07-04,1.81
2019-07-05,1.84
2019-07-06,1.89
2019-07-07,1.97
2019-07-08,2.01
2019-07-09,2.06
2019-07-10,2.17
2019-07-11,2.32
2019-07-12,2.41
2019-07-13,2.47
2019-07-14,2.52
2019-07-15,2.56
2019-07-16,2.6
2019-07-17,2.63
2019-07-18,2.68
2019-07-19,2.77
2019-07-20,2.96
2019-07-21,3.11
2019-07-22,3.21
2019-07-23,3.34
2019-07-24,3.43
2019-07-25,3.47
2019-07-26,3.5
2019-07-27,3.52
2019-07-28,3.53
2019-07-29,3.53
2019-07-30,3.55
2019-07-31,3.58
2019-08-01,3.58
2019-08-02,3.54
2019-08-03,3.51
2019-08-04,3.51
2019-08-05,3.51
2019-08-06,3.66
2019-08-07,4.43
2019-08-08,5.88
2019-08-09,6.21
2019-08-10,6.34
2019-08-11,6.22
2019-08-12,6.51
2019-08-13,7.4
2019-08-14,7.73
2019-08-15,8.12
2019-08-16,8.07
2019-08-17,8.14
2019-08-18,8.08
2019-08-19,8.14
2019-08-20,8.17
2019-08-21,8.19
2019-08-22,8.2
2019-08-23,8.16
2019-08-24,8.17
2019-08-25,8.15
2019-08-26,8.16
2019-08-27,8.19
2019-08-28,8.16
2019-08-29,8.17
2019-08-30,8.16
2019-08-31,8.22
2019-09-01,8.22
2019-09-02,8.24
2019-09-03,8.21
2019-09-04,8.17
2019-09-05,8.23
2019-09-06,7.96
2019-09-07,8.1
2019-09-08,8.04
2019-09-09,8.15
2019-09-10,8.1
2019-09-11,8.19
2019-09-12,8.25
2019-09-13,8.14
2019-09-14,8.18
2019-09-15,8.19
2019-09-16,8.25
2019-09-17,8.24
2019-09-18,8.16
2019-09-19,8.17
2019-09-20,8.21
2019-09-21,8.21
2019-09-22,8.19
2019-09-23,8.16
2019-09-24,8.12
2019-09-25,8.06
2019-09-26,8.03
2019-09-27,7.96
2019-09-28,7.88
2019-09-29,7.8
2019-09-30,7.7
2019-10-01,8.5
2019-10-02,7.53
2019-10-03,7.42
2019-10-04,7.25
2019-10-05,7.21
2019-10-06,7.21
2019-10-07,7.45
2019-10-08,7.6
2019-10-09,7.79
2019-10-10,7.9
2019-10-11,8
2019-10-12,8.07
2019-10-13,8.09
2019-10-14,8.09
2019-10-15,8.08
2019-10-16,8.1
2019-10-17,8.17
2019-10-18,8.21
2019-10-19,8.25
2019-10-20,8.24
2019-10-21,8.24
2019-10-22,8.24
2019-10-23,8.2
2019-10-24,8.18
2019-10-25,8.16
2019-10-26,8.14
2019-10-27,8.04
2019-10-28,8.04
2019-10-29,7.97
2019-10-30,7.93
2019-10-31,7.85
2019-11-01,7.78
2019-11-02,7.78
2019-11-03,7.79
2019-11-04,7.78
2019-11-05,7.67
2019-11-06,7.57
2019-11-07,7.5
2019-11-08,7.5
2019-11-09,7.35
2019-11-10,7.26
2019-11-11,7.14
2019-11-12,7.005
2019-11-13,6.87
2019-11-14,6.75
2019-11-15,6.65
2019-11-16,6.55
2019-11-17,6.44
2019-11-18,6.34
2019-11-19,6.23
2019-11-20,6.11
2019-11-21,5.99
2019-11-22,5.87
2019-11-23,5.75
2019-11-24,5.62
2019-11-25,5.49
2019-11-26,5.36
2019-11-27,5.22
2019-11-28,5.08
2019-11-29,4.94
2019-11-30,4.8
2019-12-01,4.66
2019-12-02,4.57
2019-12-03,4.51
2019-12-04,4.45
2019-12-05,4.39
2019-12-06,4.33
2019-12-07,4.26
2019-12-08,4.2
2019-12-09,4.13
2019-12-10,4.06
2019-12-11,4
2019-12-12,3.94
2019-12-13,3.87
2019-12-14,3.8
2019-12-15,3.75
2019-12-16,3.71
2019-12-17,3.67
2019-12-18,3.63
2019-12-19,3.6
2019-12-20,3.58
2019-12-21,3.58
2019-12-22,3.13
2019-12-23,3.12
2019-12-24,3.53
2019-12-25,3.51
2019-12-26,3.49
2019-12-27,3.47
2019-12-28,3.44
2019-12-29,3.43
2019-12-30,3.42
2019-12-31,3.43
2020-01-01,3.43
2020-01-02,3.44
2020-01-03,3.44
2020-01-04,3.45
2020-01-05,3.45
2020-01-06,3.46
2020-01-07,3.46
2020-01-08,3.47
2020-01-09,3.47
2020-01-10,3.48
2020-01-11,3.48
2020-01-12,3.48
2020-01-13,3.49
2020-01-14,3.49
2020-01-15,3.49
2020-01-16,3.5
2020-01-17,3.5
2020-01-18,3.5
2020-01-19,3.51
2020-01-20,3.51
2020-01-21,3.51
2020-01-22,3.52
2020-01-23,3.52
2020-01-24,3.52
2020-01-25,3.52
2020-01-26,3.52
2020-01-27,3.52
2020-01-28,3.53
2020-01-29,3.53
2020-01-30,3.53
2020-01-31,3.53
2020-02-01,3.53
2020-02-02,3.54
2020-02-03,3.54
2020-02-04,3.54
2020-02-05,3.54
2020-02-06,3.54
2020-02-07,3.54
2020-02-08,3.55
2020-02-09,3.55
2020-02-10,3.55
2020-02-11,3.55
2020-02-12,3.55
2020-02-13,3.55
2020-02-14,3.55
2020-02-15,3.55
2020-02-16,3.55
2020-02-17,3.55
2020-02-18,3.55
2020-02-19,3.55
2020-02-20,3.55
2020-02-21,3.55
2020-02-22,3.55
2020-02-23,3.55
2020-02-24,3.55
2020-02-25,3.55
2020-02-26,3.55
2020-02-27,3.55
2020-02-28,3.55
2020-02-29,3.54
2020-03-01,3.54
2020-03-02,3.54
2020-03-03,3.54
2020-03-04,3.54
2020-03-05,3.54
2020-03-06,3.54
2020-03-07,3.54
2020-03-08,3.54
2020-03-09,3.54
2020-03-10,3.54
2020-03-11,3.54
2020-03-12,3.54
2020-03-13,3.53
2020-03-14,3.53
2020-03-15,3.53
2020-03-16,3.53
2020-03-17,3.53
2020-03-18,3.52
2020-03-19,3.52
2020-03-20,3.51
2020-03-21,3.5
2020-03-22,3.47
2020-03-23,3.45
2020-03-24,3.42
2020-03-25,3.41
2020-03-26,3.41
2020-03-27,3.41
2020-03-28,3.41
2020-03-29,3.4
2020-03-30,3.4
2020-03-31,3.4
2020-04-01,3.39
2020-04-02,3.39
2020-04-03,3.39
2020-04-04,3.38
2020-04-05,3.38
2020-04-06,3.38
2020-04-07,3.37
2020-04-08,3.38
2020-04-09,3.38
2020-04-10,3.37
2020-04-11,3.37
2020-04-12,3.37
2020-04-13,3.37
2020-04-14,3.37
2020-04-15,3.37
2020-04-16,3.37
2020-04-17,3.37
2020-04-18,3.36
2020-04-19,3.36
2020-04-20,3.36
2020-04-21,3.36
2020-04-22,3.36
2020-04-23,3.36
2020-04-24,3.35
2020-04-25,3.36
2020-04-26,3.36
2020-04-27,3.36
2020-04-28,3.36
2020-04-29,3.36
2020-04-30,3.36
2020-05-01,3.36
2020-05-02,3.36
2020-05-03,3.36
2020-05-04,3.36
2020-05-05,3.36
2020-05-06,3.35
2020-05-07,3.35
2020-05-08,3.35
2020-05-09,3.35
2020-05-10,3.35
2020-05-11,3.35
2020-05-12,3.35
2020-05-13,3.35
2020-05-14,3.35
2020-05-15,3.35
2020-05-16,3.35
2020-05-17,3.35
2020-05-18,3.35
2020-05-19,3.37
2020-05-20,3.38
2020-05-21,3.38
2020-05-22,3.38
2020-05-23,3.38
2020-05-24,3.38
2020-05-25,3.38
2020-05-26,3.38
2020-05-27,3.38
2020-05-28,3.38
2020-05-29,3.38
2020-05-30,3.38
2020-05-31,3.38
2020-06-01,3.38
2020-06-02,3.38
2020-06-03,3.38
2020-06-04,3.38
2020-06-05,3.39
2020-06-06,3.39
2020-06-07,3.4
2020-06-08,3.41
2020-06-09,3.41
2020-06-10,3.41
2020-06-11,3.42
2020-06-12,3.43
2020-06-13,3.45
2020-06-14,3.46
2020-06-15,3.49
2020-06-16,3.5
2020-06-17,3.52
2020-06-18,3.56
2020-06-19,3.63
2020-06-20,3.66
2020-06-21,3.7
2020-06-22,3.75
2020-06-23,3.81
2020-06-24,3.84
2020-06-25,3.87
2020-06-26,3.89
2020-06-27,3.9
2020-06-28,3.92
2020-06-29,3.95
2020-06-30,4.04
2020-07-01,4.11
2020-07-02,4.15
2020-07-03,4.24
2020-07-04,4.37
2020-07-05,4.51
2020-07-06,4.65
2020-07-07,4.98
2020-07-08,5.32
2020-07-09,5.45266666666667
2020-07-10,5.58533333333333
2020-07-11,5.718
2020-07-12,5.85066666666667
2020-07-13,5.98333333333333
2020-07-14,6.116
2020-07-15,6.24866666666667
2020-07-16,6.38133333333333
2020-07-17,6.514
2020-07-18,6.64666666666667
2020-07-19,6.77933333333333
2020-07-20,6.912
2020-07-21,7.04466666666667
2020-07-22,7.17733333333333
2020-07-23,7.31
2020-07-24,7.49
2020-07-25,7.61
2020-07-26,7.72
2020-07-27,7.81
2020-07-28,7.91
2020-07-29,8.01
2020-07-30,7.99
2020-07-31,7.87
2020-08-01,7.79
2020-08-02,7.75
2020-08-03,7.72
2020-08-04,7.71
2020-08-05,7.47
2020-08-06,7.52375
2020-08-07,7.5775
2020-08-08,7.63125
2020-08-09,7.685
2020-08-10,7.73875
2020-08-11,7.7925
2020-08-12,7.84625
2020-08-13,7.9
2020-08-14,8.04
2020-08-15,8.15
2020-08-16,8.21
2020-08-17,8.22
2020-08-18,8.26
2020-08-19,8.15
2020-08-20,8.19
2020-08-21,8.29
2020-08-22,8.22
2020-08-23,8.25
2020-08-24,8.24
2020-08-25,8.22
2020-08-26,8.16
2020-08-27,8.14
2020-08-28,8.1
2020-08-29,8.04
2020-08-30,7.97
2020-08-31,7.91
2020-09-01,7.83
2020-09-02,7.82
2020-09-03,7.75
2020-09-04,7.67
2020-09-05,7.67
2020-09-06,7.65
2020-09-07,7.66
2020-09-08,7.63
2020-09-09,7.62
2020-09-10,7.64
2020-09-11,7.59
2020-09-12,7.56
2020-09-13,7.63
2020-09-14,7.8
2020-09-15,7.96
2020-09-16,8.05
2020-09-17,8.13
2020-09-18,8.26
2020-09-19,8.38
2020-09-20,8.33
2020-09-21,8.01
2020-09-22,8.14
2020-09-23,8.18
2020-09-24,8.3
2020-09-25,8.41
2020-09-26,8.45
2020-09-27,8.46
2020-09-28,8.46
2020-09-29,8.47
2020-09-30,8.46
2020-10-01,8.44
2020-10-02,8.38
2020-10-03,8.41
2020-10-04,8.38
2020-10-05,8.31
2020-10-06,8.22
2020-10-07,8.15
2020-10-08,8.16
2020-10-09,8.12
2020-10-10,8.05
2020-10-11,8.04
2020-10-12,7.97
2020-10-13,8.07
2020-10-14,8.25
2020-10-15,8.29
2020-10-16,8.27
2020-10-17,8.31
2020-10-18,8.32
2020-10-19,8.33
2020-10-20,8.32
2020-10-21,8.29
2020-10-22,8.3
2020-10-23,8.33
2020-10-24,8.31
2020-10-25,8.3
2020-10-26,8.3
2020-10-27,8.24
2020-10-28,8.13
2020-10-29,8.11
2020-10-30,8
2020-10-31,7.86
2020-11-01,7.72
2020-11-02,7.58
2020-11-03,7.44
2020-11-04,7.29
2020-11-05,7.12
2020-11-06,6.94
2020-11-07,6.78
2020-11-08,6.66
2020-11-09,6.53
2020-11-10,6.4
2020-11-11,6.27
2020-11-12,6.13
2020-11-13,5.99
2020-11-14,5.85
2020-11-15,5.73
2020-11-16,5.59
2020-11-17,5.44
2020-11-18,5.29
2020-11-19,5.15
2020-11-20,5.12
2020-11-21,5
2020-11-22,4.85
2020-11-23,4.69
2020-11-24,4.55
2020-11-25,4.48
2020-11-26,4.4
2020-11-27,4.32
2020-11-28,4.24
2020-11-29,4.16
2020-11-30,4.08
2020-12-01,3.99
2020-12-02,3.91
2020-12-03,3.81
2020-12-04,3.72
2020-12-05,3.63
2020-12-06,3.54
2020-12-07,3.49
2020-12-08,3.44
2020-12-09,3.39
2020-12-10,3.34
2020-12-11,3.29
2020-12-12,3.24
2020-12-13,3.19
2020-12-14,3.14
2020-12-15,3.1
2020-12-16,3.07
2020-12-17,
2020-12-18,
2020-12-19,
2020-12-20,
2020-12-21,
2020-12-22,
2020-12-23,
2020-12-24,
2020-12-25,
2020-12-26,
2020-12-27,
2020-12-28,
2020-12-29,
2020-12-30,
